"","word","a1","a2","a3","a4","a5"
"1","aah","alvin","autotune","brain","cartoon","cells"
"2","abatement","brought","nothing","november","power","hospital"
"3","abounds"," "," "," "," "," "
"4","absorption","function","medications","alongside","black","compound"
"5","absurdity","absence","accident","addresses","apogogic","appears"
"6","absurdly"," "," "," "," "," "
"7","abuser","world","acknowledge","confronts","distort","fails"
"8","abysmal","aback","abandoned","abatement","acreage","advancing"
"9","accented","accompaniment","beer","brew","flavours","fullers"
"10","accommodating"," "," "," "," "," "
"11","accomplice","abiding","deep","hard","kemp","kept"
"12","accumulating","said","update","industrial","per","safety"
"13","acquires"," "," "," "," "," "
"14","adage","quotes","customer","whatever","comes","first"
"15","adherents","annual","asian","availability","bare","barrier"
"16","adhering"," "," "," "," "," "
"17","admirer","appointment","behrens","chauchat","converses","delicacy"
"18","adoptions","fundraisers","giveaways","people's","asking","blogs"
"19","adoration","surrounded","amazing","attendance","beingness","beings"
"20","adrift"," "," "," "," "," "
"21","adventurers","knights","weapons","affluent","appropriate","armor"
"22","affections","aspects","balance","balanced","cake","commonly"
"23","affirming","coaches","complimentary","michigan","philadelphia","showed"
"24","affliction","mind","addition","audio","aware","conscious"
"25","afoot"," "," "," "," "," "
"26","aft","ares","artemis","checking","chief's","commanded"
"27","afterthought","adopted","antholgized","apples","appropriate","beast"
"28","aggressiveness"," "," "," "," "," "
"29","agitated","curiosity","ear","glanced","grow","springfield"
"30","agreeable","accouchement","accuse","adage","adherent","adolescent"
"31","ailment","christ","embarrassment","endure","extend","galatia"
"32","alienation","mental","accepted","bruch","carol","challenged"
"33","aligning","perhaps","andy","article","beliefs","bradbury"
"34","allergens","desensitized","months","touch","become","allergist"
"35","alleys","center","filled","sustainable","usc","angeles"
"36","allie","easy","outside","beginning","accident","timid"
"37","allotment","bore","chat","chickens","children","helping"
"38","allowances","food","get","attaching","belt","discussing"
"39","alluded"," "," "," "," "," "
"40","alluring","admired","ancestors","bedeck","brooding","halls"
"41","alumnus"," "," "," "," "," "
"42","ambiance","ability","actions","bashing","clue","combat"
"43","amigo"," "," "," "," "," "
"44","amiss"," "," "," "," "," "
"45","amnesia","changes","episode","yuuko","assumed","blocks"
"46","amphitheater","aisles","always","amusing","awful","beams"
"47","animations","anime","credit","damn","drawn","generated"
"48","anomalies","awesome","finding","planets","productive","pseudoscience"
"49","anomaly","theory","consciousness","ignore","initial","reasons"
"50","anthropologist","bangladesh","bateson","earned","entered","ewc"
"51","antlers","found","lights","sized","potatoes","find"
"52","anxieties","confusion","duty","guidance","honour","idealism"
"53","anya","accepts","city","accustomed","anger","arson"
"54","ape","ann","antagonist","anymore","apparition","armstrong"
"55","apnea","based","characteristics","defined","diagnosis","fails"
"56","appendix","applied","circumvent","classified","daywear","determining"
"57","applauded"," "," "," "," "," "
"58","applauding","charming","cue","daily","engaging","pep"
"59","apprehension","beautifully","capacity","conjoined","conjoining","discern"
"60","approachable","belief","careers","flexible","limit","oriented"
"61","aprons","loved","many","disney","cut","mothers"
"62","archaeologists","celtic","changes","cult","estate","excavate"
"63","arises","minds","pure","abide","believing","blessings"
"64","arising","antagonism","antithesis","corresponding","distinction","enabling"
"65","aroused","just","activity","adverse","appear","approached"
"66","arrows","mission","aluminium","fibre","variety","heavy"
"67","artisans","accomplish","actions","aimed","boldly","care"
"68","artistry","writing","begrudge","husband's","lesser","minor"
"69","ashore","address","arabian","budget","capability","challenging"
"70","assassinated","apparent","currently","dynasty","elder","heir"
"71","assemblies","fire","result","working","took","agent"
"72","assertions","advertising","advocates","cocksure","either","incapable"
"73","asteroids","awhile","dangerously","famous","field","hear"
"74","astray"," "," "," "," "," "
"75","atrocious","incredibly","expecting","friendly","gentle","housebroken"
"76","attaching","birthday","decoupage","designer","stickers","swirl"
"77","attachments","war","straight","analyze","beloved","cigarette"
"78","attendee","development","hotel","address","aforementioned","anyway"
"79","attribution","various","site","third","account","achieved"
"80","atypical","acknowledged","approaching","dread","empirical","employed"
"81","auctioned","announced","appetite","attention","call","dutch"
"82","austrian","culture","discussions","drew","entries","exhibitions"
"83","authoritative","mom","abusive","breakdown","chummy","counsel"
"84","autobiographical","allowing","feminine","gilmore","leigh","licensed"
"85","automobiles","slightly","adhere","affordability","affordable","appeal"
"86","averse","smoking","allows","care","charitable","encouraged"
"87","avocados","put","spread","servings","recipe","south"
"88","awash","adherents","christian","christianity","divorced","guidance"
"89","awed","abilities","cry","elite","fast","fastest"
"90","awkwardness","unexpected"," "," "," "," "
"91","awry","beside","east","entire","headed","lonelier"
"92","backpacks","ans","bananas","bit","closet","coat"
"93","backyards","betty","draper","finding","freidan","purpose"
"94","bagged","cafe","canned","conscious","environmentally","frozen"
"95","bagging"," "," "," "," "," "
"96","bahamas","normally","airport","attempt","bahamian","climactic"
"97","balk","runner","apart","boy","boy's","coach"
"98","bandits","felt","things","around","sister","done"
"99","banger","administrators","budgeting","budgets","departments","implemented"
"100","banished"," "," "," "," "," "
"101","bankroll","rooms","offer","promotions","poker","deposit"
"102","basements","completed","locations","steel","three","area"
"103","bathed"," "," "," "," "," "
"104","beak","knowing","antedote","apart","behavior","born"
"105","bearable"," "," "," "," "," "
"106","bearings","workers","centre","crum","circle","circles"
"107","befriend"," "," "," "," "," "
"108","behemoth","area","associated","beast","bible","biblical"
"109","beleaguered"," "," "," "," "," "
"110","belongings","daughter","apt","bummer","downfall","salinas"
"111","belting","shed","belt","wasn","yelling","screaming"
"112","beltway","mulberry","western","take","side","east"
"113","benched","bill","brings","fond","hamid","memories"
"114","benefitted","almighty","belief","books","break","bring"
"115","bereft","grieve","handle","harder","impart","meant"
"116","beset","cares","guess","infirmities","known","men"
"117","bevy"," "," "," "," "," "
"118","bewildered","biketexas","building","coworkers","gallon","graduation"
"119","bidders","details","books","cameras","concern","deposit"
"120","bikinis","target","calm","came","try","want"
"121","binoculars","hartley","find","discourage","example","galaxies"
"122","biographies","axe","biographers","dirt","dish","grind"
"123","blackmail","armed","babyhood","bathtub","choice","consider"
"124","blackness","accuse","aspire","assumes","attempt","burden"
"125","blob","bacteria","hopefully","mayonnaise","microscope","move"
"126","bloodshed","abundance","adequate","advice","anyhow","beat"
"127","boasted","acted","adversaries","alonso","anticipated","attacking"
"128","bogged"," "," "," "," "," "
"129","bolivia","accessible","analysis","artaraz","author","benjamin"
"130","bolstered"," "," "," "," "," "
"131","bombshell","said","new","one","just","dropped"
"132","bonanza","advantaged","africa","african","africas","apartheid"
"133","bonkers","across","cleverly","collection","editor","emotions"
"134","boobies","admiring","agree","anal","angle","assessment"
"135","bookcase","cards","shared","empty","adorning","belonged"
"136","bookkeeping","foundation","affton","growth","john","mccalpin"
"137","booklet","confirm","everyday","otherwise","prompted","select"
"138","bookseller","book","books","one","can","see"
"139","bookshelf","clutter","basket","allowed","areas","bags"
"140","boulders","season","heavy","times","burden","burdens"
"141","bowled","aiming","ankle","base","batsman","broken"
"142","boyish","gar","incognito","onne","picture","purchase"
"143","branching","arrow","basically","chance","coin","created"
"144","brash","began","bureaucracy","capitalism","elites","ethnographer"
"145","bravado"," "," "," "," "," "
"146","breakdowns","approaches","aubrey","cry","dealing","degrees"
"147","breakers","aces","ninth","wtt","king","founder"
"148","breakthroughs","albeit","alive","birthday","boundary","converges"
"149","breather"," "," "," "," "," "
"150","breeder","banished","bashed","computer","deepest","feel"
"151","breezes","exhausted","japes","larks","offend","refusal"
"152","brimming"," "," "," "," "," "
"153","broiled"," "," "," "," "," "
"154","brood","careful","ducklings","flight","force","games"
"155","brothel","clients","claiming","elaborate","advertisements","applying"
"156","browsers","acceptable","accepted","adaptation","already","broad"
"157","buckled","attentive","blow","boy","buckling","guess"
"158","bumbling"," "," "," "," "," "
"159","buoyed"," "," "," "," "," "
"160","burdens","backs","boulders","break","crush","greek"
"161","bureaucrats","organizations","participants","pressure","revolutionary","affiliation"
"162","burners","apartments","dishwasher","equipped","france","heavens"
"163","buss","deals","directly","discuss","executive","father"
"164","cabbie","alike","bits","bump","cartoon","classic"
"165","cadet","world","action","artwork","belonging","boxes"
"166","calculator","shop","webwise","xml","xxl","huge"
"167","calmer"," "," "," "," "," "
"168","cameos","see","additions","buffs","chain","chomps"
"169","cams","multi","abc","attempt","biggest","drama"
"170","canals","apparently","buildings","channeling","d's","dike"
"171","cancellations","continued","deeply","fell","kept","worked"
"172","canyons","absurdity","achenbach","break","cactus","caught"
"173","capping","buries","combination","contentious","disruption","element"
"174","carlin","absent","across","american","americans","astute"
"175","carols","apart","attention","calibre","country","floored"
"176","carpenters","girls","jazz","loved","subject","adult"
"177","carpeting","began","curb","decided","dirty","dryer"
"178","cartons","easy","free","needed","can","going"
"179","cashews","blender","drain","coming","expand","filtered"
"180","casket","accept","bill","bills","bought","cfr"
"181","categorized","means","advantages","aforementioned","broken","bullying"
"182","cathartic"," "," "," "," "," "
"183","caucasian","accentor","alpine","chiffchaff","closed","closer"
"184","cautions","cup","extended","frustration","heading","lack"
"185","caverns","cavern","mexico","historic","carlsbad","became"
"186","cemeteries","allow","catlin","fenced","gabel","hurst"
"187","centipede","used","mouth","arse","assume","british"
"188","centrist","rather","david","primaries","reagan","case"
"189","chandeliers","carries","crystals","prince","reworked","seiwald"
"190","chaplain","aboard","arthur","bandera","coast","covered"
"191","charade","acting","actual","beckett","believing","better"
"192","chariot","arjuna","left","amongst","arrived","attendant"
"193","checkpoints","airplane","blow","costa","decides","disrupt"
"194","cheerfully","amounts","cat","checked","fed","mail"
"195","chemist","anything","asking","background","baker","draper"
"196","chestnuts","shell","appreciation","aunt","duty","fan"
"197","chests","bargains","bureau","chest","cover","fabrics"
"198","chilies","acid","canning","citric","completion","cook's"
"199","chipmunks","vacation","cruise","aboard","becomes","caretaker"
"200","chords","free","modest","sold","couple","listening"
"201","chronology","split","may","accurate","age","beast"
"202","chuckling"," "," "," "," "," "
"203","chucks","kid","low","teenager","timeline","mid"
"204","chute","angry","boshu","briefly","deprive","deprived"
"205","cinemas","ample","auditorium","booth","colours","comfy"
"206","clamoring","answer","awaits","basically","beginnings","begins"
"207","clarifying"," "," "," "," "," "
"208","cleaver","success","congress","pastor","fine","although"
"209","clementine","yet","world","brunch","cafe","coincides"
"210","cliches","metaphor","brilliance","deeper","disconnect","discuss"
"211","climates","valley","achieved","breathable","clothes","cooling"
"212","clingy","assured","breakfast","busy","eating","explained"
"213","clique","amongst","barely","bitterest","comments","conjure"
"214","clogging","achieve","answer","assumed","attending","average"
"215","closeness","ago","among","arm","certainly","developmental"
"216","clung","allocated","author","authors","books","completely"
"217","clusters","chain","beginning","treble","crochet","stitch"
"218","clutches","afraid","class","classic","essential","excuses"
"219","coastline","give","points","heads","archaeology","biology"
"220","cockroach","attack","beer","caught","completely","feet"
"221","cocoon","efforts","either","trying","observe","may"
"222","coercion","second","inescapable","inseparable","painless","attached"
"223","coffeehouse","slightly","needed","play","abstract","barista"
"224","coincided"," "," "," "," "," "
"225","coincidences","abound","argued","beetle","believed","bus"
"226","coincides"," "," "," "," "," "
"227","collars","adapted","ariz","baking","chocolate","cucina"
"228","combs","ambers","birds","bitten","bling","fall"
"229","comers","economist","leads","len","markets","nichols"
"230","commonplace","application","collections","collects","communis","formulas"
"231","commotion","changes","heavens","often","prophetic","represented"
"232","compensated","medical","applicable","counseling","headquarters","offices"
"233","competence","methods","due","admitted","ballad","fantastic"
"234","complacent","approved","babies","baby","carys","fairly"
"235","complemented"," "," "," "," "," "
"236","complexes","architecture","cramped","end","exact","interest"
"237","complexion","accusations","acha","advertisements","aisi","anyways"
"238","complication","creates","framework","layers","overall","plans"
"239","compositions","aesthetics","amm","austerity","background","backgrounds"
"240","composure","active","affiliated","alone","begin","choice"
"241","compote","layer","top","cup","ready","garnish"
"242","comprising","expansion","bed","biological","containing","coupled"
"243","concedes"," "," "," "," "," "
"244","conceited","becoming","harass","surpassing","conceit","fault"
"245","concentrates","control","include","hair","years","will"
"246","concentrating","consistent","exhibitions","juggling","manage","structured"
"247","concentrations","additional","factors","operators","since","today"
"248","concocted"," "," "," "," "," "
"249","condemns","non","alleged","anything","appeal","appealed"
"250","condominiums"," "," "," "," "," "
"251","confesses","accidentally","andre","appeared","arm","assume"
"252","configuration","advanced","continuously","debugging","instructions","mode"
"253","confinement","badly","bet","chicken","culture","extreme"
"254","confronting","flu","institution","justify","marriage","plethora"
"255","congratulating"," "," "," "," "," "
"256","congregate","baja","bajaex","bajo","biosphere","check"
"257","congregations","brunswick","comment","fit","monmouth","telephone"
"258","considerations","attitude","equal","harmony","judgements","qualities"
"259","constable","church","hay","tudor","wall","days"
"260","constituency","fought","listed","seat","absolutely","attraction"
"261","constrained","arrive","bargaining","collective","competitive","contenders"
"262","contemplate","admire","characters","adults","bold","dreadful"
"263","contradict","contain","multitudes","whitman","large","walt"
"264","contradictory","studying","afford","air","bundle","cart"
"265","contradicts","animal","army","assertion","cat","catrine"
"266","contributors","accompanying","canary","cynthia","difference","statement"
"267","contrived"," "," "," "," "," "
"268","convergence","absence","adopt","approvals","assess","atlantic"
"269","conveys","anybody","ass","bounds","brutality","carano"
"270","convicts","two","good","bay","buried","captain"
"271","coolness","else","applied","bio","bios","clothing"
"272","coordinators","challenges","clinical","conditions","follow","important"
"273","cores","budget","movie","music","opening","satellite"
"274","cosmopolitan","advice","alluring","dangling","drugstores","fan"
"275","couches","bought","although","curled","fangs","sent"
"276","coulter","along","children","compass","daemon","fetch"
"277","councillor","july","thus","first","align","appearing"
"278","counteract"," "," "," "," "," "
"279","counterpoint","simply","fit","ideas","composition","discordant"
"280","courteous"," "," "," "," "," "
"281","craftsmanship","abridge","almighty","celebrated","creators","dehumanizing"
"282","crass","set","pretty","let","actually","broke"
"283","creamery","name","eugene","company","kept","springfield"
"284","creeks","country","devastating","experiencing","hill","hundreds"
"285","creepers"," "," "," "," "," "
"286","creole","acquired","admirably","afraid","agreeable","anna"
"287","croutons","salty","making","grated","lemon","crunchy"
"288","cruisers","appealing","follow","gaining","lately","manufacturers"
"289","crumbles","eat","bound","charming","cult","gag"
"290","cryptic","abducted","amalgamation","badly","baldwin","complicate"
"291","cuddles","adam","calm","dex","dexter","missed"
"292","cuffs","two","addition","aristocrats","bulletproof","cutest"
"293","cuisines","able","aim","basics","begin","determines"
"294","culprits","allowed","choice","church","conform","decided"
"295","cumbersome","acting","culture","default","onerous","processes"
"296","curbs","baby","think","besides","excitement","jump"
"297","curds","formed","gently","nancy","whatever","yet"
"298","custodian","services","duty","academy","albert","arroyo"
"299","cyclist","admittedly","basket","oncoming","plop","toodle"
"300","cyclone","tracking","atherton","category","friday","georgetown"
"301","daisies","adhere","braided","diamond","firework","fireworks"
"302","dandelions","fully","seemed","drove","pollen","bristolbeekeepers"
"303","dandy"," "," "," "," "," "
"304","dapper","auburn","buddy","children","chism","chris"
"305","darcy","tells","fell","wickham","almost","anger"
"306","dazzled"," "," "," "," "," "
"307","dearth"," "," "," "," "," "
"308","debauchery","constrained","corpse","creature","dictated","don"
"309","decreases","annoying","beginning","cables","completely","complicated"
"310","decried"," "," "," "," "," "
"311","deepened"," "," "," "," "," "
"312","deficiencies","known","light","blindness","cretinism","extreme"
"313","deficient","structurally","access","advance","agree","already"
"314","deflated"," "," "," "," "," "
"315","degeneration","aprocce","concept","fresh","path","phase"
"316","delicacy","alternate","chili","chilis","chopped","cumin"
"317","deluge"," "," "," "," "," "
"318","demeaning"," "," "," "," "," "
"319","demented","baby","beautiful","older","water","cup"
"320","denomination","denominations","associate","boils","brother","causing"
"321","denominations","associate","causing","division","heart","truth"
"322","dependable","water","acting","authority","buff","commentary"
"323","deploying","able","adopt","allows","bonded","chipped"
"324","deranged","force","afghan","afghanistan","armed","army"
"325","despicable","athens","brussels","cousins","demonics","greece"
"326","despised","acquainted","afflicted","bearers","borne","bruised"
"327","destroyer","forced","full","able","access","ace"
"328","detecting","problem","enthusiastic","fairly","interest","logic"
"329","deteriorate","ways","mean","seriously","situation"," "
"330","deteriorated"," "," "," "," "," "
"331","deterioration"," "," "," "," "," "
"332","deterred","guy","ways","bad","count","door"
"333","devouring","games","hunger","stayed","either","sure"
"334","devs","brooke","important","kohails","lots","non"
"335","diagrams","already","annotate","hmm","powerful","subjects"
"336","dialogues","abraham","baazi","blah","brilliance","burn"
"337","diaspora","argue","blog","contrasts","entry","founders"
"338","dichotomy","schools","basis","ultimate","first","looks"
"339","dictated","solely","efforts","function","accede","accepts"
"340","differed","groups","acts","believing","core","creator"
"341","dilated","pretty","begged","women","want","encouraging"
"342","dilute","adamant","admits","aromatics","canales","chef"
"343","diminishes"," "," "," "," "," "
"344","diminutive","alexandra","europe","june","males","malia"
"345","dined","festive","misery","o'er","parasitic","week's"
"346","directives","medical","conducting","done","everyone","overdue"
"347","disable","editor","hate","ridiculous","though","basis"
"348","disadvantages","environment","ahead","alas","avoiding","bicycle"
"349","disarray","absolutely","correct","original","believe","people"
"350","disbanded"," "," "," "," "," "
"351","discernment","abilities","acquired","catholics","cautious","enables"
"352","discoveries","abroad","acquired","devote","evaluated","gulf"
"353","discredited","chaos","congestion","development","dysfunctional","heat"
"354","discreet","aryc","businesslike","convinced","dani","danielle"
"355","discrepancies"," "," "," "," "," "
"356","discrepancy","count","dead","dolphins","local","absurdly"
"357","disgraceful"," "," "," "," "," "
"358","disillusioned"," "," "," "," "," "
"359","disjointed","beale","cleverly","fleur","general","genius"
"360","dismantled","became","beneath","clifftop","crack","erected"
"361","disorganized","closer","dowel","gets","heddle","shed"
"362","dispenser","counter","gain","hole","hung","install"
"363","dissidents","organized","achievements","additional","adequate","aid"
"364","distillery","owned","date","weller","known","brand"
"365","disturbances","alone","aspects","body","cells","conjunction"
"366","dizziness","although","ass","bug","family","gotten"
"367","docked","additionally","bare","means","minimum","miss"
"368","doctrines","effectively","best","interests","serve","several"
"369","domes","beams","bounced","brelnya","ceiling","clear"
"370","donned"," "," "," "," "," "
"371","donning"," "," "," "," "," "
"372","doodling","every","probably","school","access","arm"
"373","doves","placing","accuracy","alternative","apparently","expedition"
"374","downfall","person","type","turns","beginning","aloofness"
"375","downplay"," "," "," "," "," "
"376","downpour","concerned","officials","site","wrestlemania","wwe"
"377","downtime","bathroom","enthusiastic","locking","naps","place"
"378","drains","bend","brush","capture","claw","clogs"
"379","drapes","beginning","boring","chore","done","figured"
"380","drawback","absolutely","activities","ava","disney","favorites"
"381","dressings","spring","guests","set","cafe","csa"
"382","drips","doors","paint","adheres","avoided","aware"
"383","driveways","destroyed","eleven","hills","nowhere","powerful"
"384","drunkenness","concludes","accountability","amount","appetites","attain"
"385","drunks","activist","activists","adopted","armament","british"
"386","duality","free","quite","anywhere","must","absurd"
"387","dud","area","argue","audacity","best","caused"
"388","duds","ankles","boxer","changed","choosing","compliant"
"389","dumbfounded","able","birth","certificate","cons","dinner"
"390","duplex","bicycle","conditions","fill","frequently","hatz"
"391","durability","agility","brand","combines","compressible","compressiblewindproofprimaloft"
"392","dwarfs","fourteenth","greed","doubt","sort","smaug"
"393","earmarks","broken","flip","flop","promised","reduced"
"394","earnestly","accessible","acquire","analogue","antidote","compared"
"395","edgy","anymore","arts","centuries","conflict","england"
"396","editorials","attempted","began","cauldron","chief","deflect"
"397","efficiencies","campus","flagship","institutions","missouri","pains"
"398","effortless","lean","admiration","appearance","compliment","consulted"
"399","electrician","pulled","replace","place","amish","baked"
"400","eloquently","adventures","amazing","applaud","awesome","bathroom"
"401","emanating"," "," "," "," "," "
"402","emerges","aimee","appalled","blanket","draped","eyed"
"403","emporium"," "," "," "," "," "
"404","enchantment","adding","ancestor","apart","assigned","banished"
"405","encountering","acting","answers","anti","ate","bathroom"
"406","engagements","acrobat","act","albany","amazon","barnes"
"407","enhancements","achieve","answer","chopsticks","contexts","don"
"408","enhances","actively","adapt","associations","auditory","bearing"
"409","enigmatic","actual","classmates","cool","dave","embrace"
"410","ensembles","agent","behavior","characterized","cooperate","cytokines"
"411","ensue"," "," "," "," "," "
"412","ensued","aforementioned","ascertain","attention","capacity","casualties"
"413","ensues","author","babble","bored","burst","chocolate"
"414","enthusiast","achiever","aka","challenger","describes","distinct"
"415","entryway","brady","cubbies","defined","drawers","exists"
"416","envisioning"," "," "," "," "," "
"417","envisions","blame","climate","coax","communist","degrees"
"418","epidural","sensation","arrived","breaks","catheter","administer"
"419","equalizer"," "," "," "," "," "
"420","equilibrium","advanced","bangladesh","developing","equilibria","multiple"
"421","eradicate","absolute","acquire","amply","blacks","civilized"
"422","erroneous","counts","general"," "," "," "
"423","escalate","bitch","calling","demeanor","female","interviewing"
"424","escorts","girls","clean","come","forced","charge"
"425","esophagus","causes","often","barrett's","coming","confused"
"426","establishments","widely","public","advertiser","brought","catalogue"
"427","estimating","accurate","concentrate","concentrates","dance","especially"
"428","estimation"," "," "," "," "," "
"429","ethos","angle","astronomy","eyepiece","eyepieces","finest"
"430","euphemism","amongst","asleep","death","dying","falling"
"431","evacuations"," "," "," "," "," "
"432","evangelism","priority","denominations","unless","may","person"
"433","evoked"," "," "," "," "," "
"434","evoking"," "," "," "," "," "
"435","exaggerate","correct","implied","say"," "," "
"436","excavation","come","continue","decides","domain","excavated"
"437","excels"," "," "," "," "," "
"438","excesses","conservatives","fail","liberals","responsibility","unfailingly"
"439","excitedly"," "," "," "," "," "
"440","exclaimed"," "," "," "," "," "
"441","executions","homicide","rate","evidence","abolish","adjacent"
"442","exemplifies"," "," "," "," "," "
"443","exiled","afghani","afghanistan","alone","atiq","atiq's"
"444","expanse","begin","catches","climb","cross","curiosity"
"445","expedite"," "," "," "," "," "
"446","expeditions","quest","discoveries","acclaimed","adventure","airing"
"447","exposures","number","need","accidental","experience","fortunately"
"448","expulsion","attempted","attorney","battle","biblical","caleb"
"449","extinction","widely","volcanic","due","along","success"
"450","extracted","placed","behind","gold","heavy","awe"
"451","extracts","approximately","digital","formats","print","smashwords"
"452","exuberance","abandon","angela","audacious","bake","bathrooms"
"453","fabio","actor","chance","extra","felt","film"
"454","fabled","adequate","advertorial","alive","cachet","chic"
"455","faintly","descent","snow","swooned","universe","falling"
"456","fallacy","events","post","cause","hoc","actually"
"457","falter"," "," "," "," "," "
"458","famine","brilliant","amos","declares","sovereign","stagger"
"459","farce","affair","dangerous","degenerating","failure","perspective"
"460","fathom","atleast","content","meandering","reminded","settling"
"461","fatigued"," "," "," "," "," "
"462","fearsome","amidst","blog","chapters","contradictions","draft"
"463","feasting","african","agnostics","americans","atheists","branch"
"464","feminists","aged","blitz","clinton's","contributes","description"
"465","fend","acuity","deserve","fully","handicap","limitations"
"466","ferocious"," "," "," "," "," "
"467","ferocity","allotted","betting","boyswear","cath","determines"
"468","ferret","blame","class","classroom","fairly","forgotten"
"469","fervently"," "," "," "," "," "
"470","fervor"," "," "," "," "," "
"471","fiancee","allison","battle","bimbette","calls","coldness"
"472","filibuster","actually","accept","admit","appeals","circuit"
"473","fillers","vase","resemble","aisle","craft","sensory"
"474","finesse","since","growing","empowering","execute","expression"
"475","fingertips","candy","gloss","grease","incorporate","pull"
"476","finishers","mini","post","achilles","bagels","bananas"
"477","firepower","type","ammunition","atk","bullets","caliber"
"478","firsts","difficult","realized","christmas","dark","grieving"
"479","fittings","carefully","collapse","culled","etc","explosion"
"480","flaps","tape","brush","candy","closed","covering"
"481","flares","brightest","bursts","eight","emit","interference"
"482","fleury","bye","hes","need","quick","reg"
"483","flocking"," "," "," "," "," "
"484","floored","activist","auburn","cheating","crowd","delegates"
"485","flourishing","challenged","daycare","exhausted","happy","realized"
"486","fluctuations","apparently","applicants","broader","contribute","desire"
"487","flurries","butch","dye","evening","meteorologist","sprinkles"
"488","folklore","adding","catalogue","eating","harker","jake"
"489","fondness","gnocchi","lingering","pillows","prompted","americana"
"490","footprint","due","environment","acorn's","barclays","basketball"
"491","footwork","closing","opening","triangle","steps","drill"
"492","foraging","bit","accompanies","aimed","app","available"
"493","foray","absurdist","absurdities","absurdum","amphetamines","aspirations"
"494","foreboding"," "," "," "," "," "
"495","foreshadowing","direct","elijah","jemma","summary","yeah"
"496","foresight","assassination","benazir","bhutto","contest","decide"
"497","forfeit","abreu","arellano","bergel","carlson","chartran"
"498","forgave","passed","abandon","admitted","attempts","bonnie"
"499","fortitude","bandages","changing","debilitation","dressing","effects"
"500","fouling"," "," "," "," "," "
"501","fourths"," "," "," "," "," "
"502","fragmented","state","power","abusing","antagonism","conflict"
"503","frenzied","abrupt","advertisements","agents","apex","artwork"
"504","frequented"," "," "," "," "," "
"505","frills","petticoat","skirt","sizes","creative","lolita"
"506","fritters","everyone","final","ingredient","loves","non"
"507","frock","bottom","friday","known","moved","bloggers"
"508","fruition","come"," "," "," "," "
"509","fruitless","good","affidavit","age","apartment","basis"
"510","frustrate","everything","head","layups","missed","rally"
"511","fumes","blowers","build","gunk","links","mowers"
"512","gaggle"," "," "," "," "," "
"513","gags","shallow","speaks","talks","polly","queen"
"514","gambler","one","story","casino","also","every"
"515","gamblers","actaully","amazing","arrived","fabulous","kidding"
"516","garb","bare","booze","breakers","race","runners"
"517","gasped"," "," "," "," "," "
"518","genders","says","androgynously","design","fashion","limits"
"519","genevieve","jessup","worlds","avenue","description","came"
"520","genitals","transmitted","vulnerable","fact","male","shot"
"521","getter","activist","afraid","answered","answering","bisexual"
"522","ghastly","adore","agreeing","aidenn","aptly","ashore"
"523","gigi","almost","beyonce","hanging","jail","police"
"524","gleaned"," "," "," "," "," "
"525","glitches","annoying","although","adrien","emerge","glimpses"
"526","glories"," "," "," "," "," "
"527","glut"," "," "," "," "," "
"528","gnome","holding","office","looked","sized","arrows"
"529","gobbled"," "," "," "," "," "
"530","goblins","manages","went","group","america","arguments"
"531","godfrey","spring","season","semester","previously","academically"
"532","gorillas","exist","male","catch","woman","behaving"
"533","grandad","inspire","accelerating","alien","asleep","base"
"534","grandiose","compose","tweet","mention","frisuer","couple"
"535","grandsons","father","accordingly","addressed","ancestors","anecdotes"
"536","grapevine","assistant","auditioning","besides","brass","bugle"
"537","grating","finger","colander","continue","drain","drained"
"538","gratuitous","anchor","comparison","genre","longtime","opposed"
"539","greenery","appeared","article","biggest","ceiling","children"
"540","greyhounds","ability","almost","away","brown","cardinals"
"541","grievances","money","subject","abandoned","achieve","active"
"542","grocer","accused","community","convicted","harlins","high"
"543","groomed","comes","arrondissement","chunkier","colour","coloured"
"544","grooves","atterwell","bradborough","copplestone","digby","dyson"
"545","growl","leg","apparantly","bored","bowl","cocking"
"546","growling","access","approacher","beds","claimers","doesn"
"547","guidebook","history","wall","architectural","brooklyn","laced"
"548","gusto","allot","anytime","appease","appetizer","broccoli"
"549","habitats","earth","ages","assists","canada","chainsaw"
"550","hacienda","arches","colonial","cooked","deliver","double"
"551","haggard","bradley","janelle","peyton","sept","seth"
"552","hailing"," "," "," "," "," "
"553","hails","adobe","alicante","blend","bouchet","cabernet"
"554","hallmarks"," "," "," "," "," "
"555","hallways","administrators","clogging","elaborate","exchange","extreme"
"556","handiwork"," "," "," "," "," "
"557","handyman","decided","new","allow","amazed","budget"
"558","hangers","badly","bottom","determined","managed","purged"
"559","hangouts","ability","anchor","anchors","appear","asking"
"560","hapless"," "," "," "," "," "
"561","harmonica","chin","held","roebuck","sears","wanted"
"562","harmonious"," "," "," "," "," "
"563","havens","department","social","employees","developed","safe"
"564","haywire","physical","spy","acting","abilities","actual"
"565","hazelnuts","sophistication","tart","aromatic","damp","darken"
"566","headway","begins","buses","ends","frequent","ltd"
"567","heaving","start","times","approach","bathroom","bete"
"568","hedgehog","hedgehogs","adoption","africa","african","asia"
"569","hedges","recent","protests","husain","report","occupy"
"570","heft","account","act","aplomb","aria","artist"
"571","heirs","beareth","adoption","bondage","compared","corruption"
"572","heist","appealing","books","com","defines","dictionary"
"573","hemisphere","abuse","actively","ancestral","billions","curse"
"574","heresy","council","two","already","tell","building"
"575","hijacking","airplane","airplanes","behavior","blue","categorically"
"576","hilariously"," "," "," "," "," "
"577","hindered","attend","christians","consents","destroy","destroys"
"578","hitched","bachelor","barney","billy","cougar","courteney"
"579","hoard","field","bill","bus","discs","dollar"
"580","hoarders","abuse","almost","although","awful","calls"
"581","holster","abstract","awesome","checked","cliched","color"
"582","hoods","hooded","adds","beakers","beautiful","beneath"
"583","hoopla","beds","child","cocoa","deserved","dog"
"584","hooves","actually","behaving","better","cool","done"
"585","hopelessness"," "," "," "," "," "
"586","hordes","decided","asians","asked","checked","figured"
"587","hubris","feebleness","gluttony","gratitude","intellectual","opposite"
"588","humiliated","abject","abjected","abjection","affirming","closet"
"589","humiliation","progress","party","freedom","actually","rights"
"590","hurl"," "," "," "," "," "
"591","hurray","car","gas","let","mood","relax"
"592","huzzah"," "," "," "," "," "
"593","hyperbole"," "," "," "," "," "
"594","hypocrites","either","rape","definition","anyone","trying"
"595","hysteria","felicity","jonathan","jones","pryce","course"
"596","idealism","adhered","astute","clear","delved","dualistic"
"597","idiocy","changed","cried","friends","messaged","play"
"598","idyllic"," "," "," "," "," "
"599","ilk"," "," "," "," "," "
"600","ills"," "," "," "," "," "
"601","imaginable","acres","broaden","budding","chess","cognitive"
"602","imitating","although","blandest","buds","circle","cuisines"
"603","immediacy","acheived","attempts","existed","exists","hypermedicy"
"604","immerse","baptism","means","apostolic","christianity","common"
"605","immortality","truth","indeed","lord","given","secret"
"606","impasse","management","bomb","breakfast","causing","gambling"
"607","impediment","easily","happily","internal","isn","meet"
"608","impersonal","assessing","criterion","part","argument","isn"
"609","impersonation","afternoon","brunner","democratic","heard","interview"
"610","implication","boo","camera","dargis","davenport","deadened"
"611","implying","non","wants","boys","chimed","courses"
"612","impressively","ambitious","beneficiary","builds","cabin","cliche"
"613","improvisation","malfatti","rowe","point","malfattis","third"
"614","incessantly"," "," "," "," "," "
"615","incoherent","anywhere","buildings","councillors","created","deceitful"
"616","indulged","actors","agent","alien","analogy","approach"
"617","inexperience","educator","generation","junior","preparing","reins"
"618","inferno","basic","boasting","breath","business","classics"
"619","infidelity","accessible","advice","badly","blissfully","confidently"
"620","infiltrated","political","close","communism","communists","connection"
"621","inflamed","abundance","according","arms","bitter","delight"
"622","infrequent","administration","agriculture","allow","ban","broad"
"623","ingenuity"," "," "," "," "," "
"624","inkling","eye","meets","ask","call","might"
"625","inlet","cockpit","apparently","believed","beyond","boxes"
"626","innocuous"," "," "," "," "," "
"627","innovator","new","time","steve","know","now"
"628","innuendo","girl","aquarion","bullets","common","currently"
"629","inquired"," "," "," "," "," "
"630","inquisition","underground","interesting","previously","went","experience"
"631","inquisitive","anticipated","assume","carefully","chiefs","clan"
"632","inserts","billed","convention","convinced","cvs","immediate"
"633","insistent"," "," "," "," "," "
"634","instinctive","year","account","assurance","blinkered","context"
"635","insulted","barwin","cushing","doubly","falcons","reliant"
"636","insure","costs","largest","accident","driver's","drivers"
"637","insurmountable"," "," "," "," "," "
"638","intensified","adjective","adjectives","ass","discussion","intensifiers"
"639","intensify"," "," "," "," "," "
"640","interplay"," "," "," "," "," "
"641","interruption","completely","desk","entire","month","net"
"642","intestines","gets","man","lot","without","non"
"643","intolerable","acts","pretty"," "," "," "
"644","introspection","blame","situation","brother","conflict","conjunction"
"645","introspective"," "," "," "," "," "
"646","intruder","criminals","homeowners","means","protected","shoot"
"647","intrusive","afforded","alan","arrestee's","arrestees","barbera"
"648","invoices","process","across","ability","analytics","approval"
"649","irregularities","costs","effective","health","healthier","hinder"
"650","irreplaceable","etta","indispensable","james","jones","noel"
"651","iteration","array","bind","comma","committed","committee"
"652","janitor","accelerate","annoy","beside","car","chase"
"653","jazzed","real","sunday","evening","gets","easy"
"654","jitters","adderall","gave","smoother","vyvanse","pushing"
"655","jockeys","amongst","cocaine","diet","drug","everything"
"656","jogged","progress","slowly","couple","feeling","arms"
"657","jojo","went","friend","alarms","attached","bag"
"658","juicer","academy","gracie","link","placement","putting"
"659","juju","doug","ladies","want","answer","answered"
"660","jumpers","loose","reports","amusement","animals","birds"
"661","jut"," "," "," "," "," "
"662","juxtaposition"," "," "," "," "," "
"663","khakis","search","afraid","bought","carry","chains"
"664","kilter","guess","issue","main","crazy","drunk"
"665","kinky","difference","chicken","feather","erotic","using"
"666","kinship","library","abundance","allows","assistant","card"
"667","kira","understands","past","future","mindjackers","thoughts"
"668","kneel","driver","minions","bus","must","altar"
"669","knickers","amazingly","arms","baggy","belief","bicycle"
"670","knitted","beanie","kindly","offered","partially","quilted"
"671","knobs","instead","painted","buying","antiqued","believe"
"672","kremlin","agreed","allow","arm","challenge","channels"
"673","labored"," "," "," "," "," "
"674","lad","house","late","episodes","archway","ballymore"
"675","ladybug","gave","week","stamp","amigos","apologia"
"676","lagers","attenuation","barclay's","continent","cured","decoction"
"677","lanky"," "," "," "," "," "
"678","largo","billionaire","powerful","adventurer","murdered","nerio"
"679","lawless","lawlessness","actions","bigger","brazen","calling"
"680","layla","able","attempted","babyface","began","belt"
"681","leeway","activity","basically","boredom","brain","busy"
"682","legality","concerned","confirmed","confrontational","design","exposed"
"683","legitimacy","confer","contingent","duties","mali","mandate"
"684","lesley","fascinating","achievement","american","ate","backwards"
"685","lethargic"," "," "," "," "," "
"686","leveling","afford","backhoe","birth","earth","giving"
"687","levied","accumulated","amnesty","apply","blood","chemical"
"688","libations"," "," "," "," "," "
"689","liberalism","aren","composition","fast","grammar","maintain"
"690","liberally"," "," "," "," "," "
"691","lids","cars","counting","fall","friday","key"
"692","lifeboat","weeks","married","alexandra","blossomed","conflicting"
"693","lighthearted"," "," "," "," "," "
"694","limeade","border","accessories","bakers","binding","dotted"
"695","liturgy","office","makes","admittedly","altogether","becoming"
"696","lizzy","coming","concern","dresses","glanced","grin"
"697","lobbies","affairs","cable","democrat","effort","escutia"
"698","locale"," "," "," "," "," "
"699","locating","classroom","graffiti","janitors","oftentimes","overlooked"
"700","lockers","accepted","admitted","authority","behind","belt"
"701","lofts","amendment","aquaponics","associated","cass","cover"
"702","longed","cuts","disconnected","endure","guess","loneliness"
"703","looser","ass","brain","causing","cranium","diet"
"704","looting","never","angrily","elect","maximum","pinera"
"705","lounges","smoke","attacks","dropped","easy","lucrative"
"706","lowly","buster","convincing","costumer","ellingson","ellingson's"
"707","loyalties","away","accordingly","advantage","always","areas"
"708","ludicrous","appearing","injury","likeness","suffering","horrible"
"709","luminous","afresh","bodies","capacity","heat","heated"
"710","luster","anymore","dollar","homes","market's","tognetti"
"711","lux","look","putting","condominium","camera","depth"
"712","macabre","blonde","boobs","fancied","grown","jason"
"713","mace","air","apparently","available","berth","blinded"
"714","madman","ages","bunnies","chipmunks","deer","detroit"
"715","magnate"," "," "," "," "," "
"716","magnified","arrogance","baum's","display","educated","forever"
"717","malta","cia","knights","order","pope","president"
"718","maniac","muddy","accusations","answering","awful","control"
"719","manifestations","wouldn","actors","advance","akin","assemblages"
"720","manipulating","accusing","communicate","expressing","manipulate","openly"
"721","manpower","health","however","international","workers","base"
"722","manuals","precise","advanced","aficionados","claire","closest"
"723","manure","breathe","guess","kill","skip","wait"
"724","marbles","acts","asked","bluemarbles","bought","champion"
"725","marjorie","admittedly","awful","belonging","builder","building"
"726","markings","banisters","carried","chest","columns","druidic"
"727","marred","aux","bits","butter","egg","filet"
"728","marshalls","charles","donations","flowers","requested","wright"
"729","martyrs","holocaust","heroes","train","person","august"
"730","marveled"," "," "," "," "," "
"731","marxism","eco","relations","lead","actors","advance"
"732","masculinity","use","families","wives","dimension","arthur"
"733","masse"," "," "," "," "," "
"734","materialize"," "," "," "," "," "
"735","materialized"," "," "," "," "," "
"736","mattie","business","enforcement","trip","hire","avenging"
"737","mattresses","accessibility","anyways","appropriate","battery","black"
"738","mediator","ordained","promise","seed","serveth","till"
"739","melodrama","building","age","ann","antagonist","ape"
"740","melons","casaba","africa","african","afrikaans","afrikaners"
"741","memorized","easily","accustomed","aramaic","assurance","besides"
"742","menacing","claggett","indicated","rebuffing","shotgun","shoot"
"743","merrier"," "," "," "," "," "
"744","mesmerized"," "," "," "," "," "
"745","methodically"," "," "," "," "," "
"746","microphones","found","test","although","british","checked"
"747","microscope","checked","conclusions","definite","durban","hits"
"748","migraines","linked","abdominal","belly","excess","experienced"
"749","migrated","businessmen","concentrate","dentistry","dwindled","factories"
"750","milder","acid","anaheim","canning","citric","completion"
"751","milo","got","bella","doggies","followed","inside"
"752","mimicking"," "," "," "," "," "
"753","mined","colonialism","conditions","economic","forced","gorgeous"
"754","minions","son","accent","agnes","andrews","cackle"
"755","minis","added","bulk","mini","assorted","abundant"
"756","mints","nice","will","addicts","assisted","colorway"
"757","minty","pictures","lately","starting","blackish","closet"
"758","misconceptions"," "," "," "," "," "
"759","misdemeanors","actually","articles","austin","better","communities"
"760","misinterpreted"," "," "," "," "," "
"761","mistaking"," "," "," "," "," "
"762","mistreatment"," "," "," "," "," "
"763","misunderstandings","long","agitated","better","busy","christ"
"764","mitigate"," "," "," "," "," "
"765","mockery","aims","cabinet","coffin","delegari","delegata"
"766","modernity","aground","antidote","countercultural","cut","deceits"
"767","modernization","adversity","answered","asked","basically","compassion"
"768","mogul","age","breitbart","era","heartbreakingly","yesterday"
"769","mongering","amount","autumn","currently","december","detail"
"770","monique","buzy","can","concentrate","decided","girls"
"771","monstrous","deserving","feat","cruelty","insecurities","loving"
"772","moonshine","adam","arrested","atf","barbecue","beckerman"
"773","mor","adapt","anything","area","care","cedar"
"774","mores","social","society","public","authors","reach"
"775","morgue","believe","blade","bled","bleed","couldn"
"776","morocco","rome","quiet","expensive","knew","secular"
"777","morph","anyone","indianapolis","suits","com","morphsuits"
"778","mortified","nation","nevertheless","quinnite","equal","parts"
"779","motif","bead","frequent","modified","buy","conclusion"
"780","motorcycles","federal","government","protect","schmitt","shoulders"
"781","mourners","showed","activists","akbar","allahu","amateur"
"782","mouthful","drink","acquaintances","advised","ammunition","appalling"
"783","mugged","analogy","dhh","technology","liberal","got"
"784","multiples","month","mothers","afterwards","family","felt"
"785","murderers","subject","created","africa","become","burnt"
"786","muses","finished","modern","goddesses","fickle","gods"
"787","mutations","line","mother","think","tree","mutation"
"788","natured","adam","asleep","babies","bath","contentedly"
"789","nauseous","act","afterwards","aware","bring","component"
"790","nearer","arrive","finally","kill","meet","nolan"
"791","necks","near","feet","artificial","barking","belongs"
"792","neely","apple","downloading","information","investigators","ipods"
"793","negligence","ordinary","corruption","days","pay","african"
"794","negotiable","achieve","administration","calls","health","jersey"
"795","nemesis","coaster","inverted","roller","brooding","discovered"
"796","nepal","getting","bunjee","jumping","sikkim","addition"
"797","nests","hand","trim","abiding","act","babies"
"798","neurotic","become","basic","blue","carry","dried"
"799","nicaragua","best","soup","called","prepared","right"
"800","nightingale","chance","majority","part","radio","saying"
"801","nil","worse","sport","things","minutes","football"
"802","nodes","adding","bus","cabling","classified","connected"
"803","nostrils","claiming","councillor","extra","female","figure"
"804","nothingness","mind","abiding","abodeless","arouse","buddha"
"805","notoriety"," "," "," "," "," "
"806","nourishing"," "," "," "," "," "
"807","nourishment"," "," "," "," "," "
"808","novelists","christianity","citing","debate","examples","intend"
"809","nudged"," "," "," "," "," "
"810","nurseries","offered","easy","check","affiliated","attractive"
"811","obituary","admiration","commercials","cracked","edwards","elizabeth"
"812","objectivity","commitment","scholar","theorist","fully","critic"
"813","oblige","adopt","adopting","adultery","advantage","adviser"
"814","obliterated"," "," "," "," "," "
"815","obscurity"," "," "," "," "," "
"816","occupant","case","created","fitness","foot","quickly"
"817","offbeat","inappropriate","mean","photography","tebowing","wondering"
"818","oftentimes","throw","adage","aka","counterparts","crap"
"819","oncologist","anesthesiologist","angel","blog","blogs","catching"
"820","onlookers","swinging","swing","abondandond","admiring","afloat"
"821","oozing","lace","patiently","rectangle","rolled","shapes"
"822","operas","soon","added","dam","fades","learn"
"823","opinionated","equivocated","turn","wanting","usually","arrogant"
"824","opportunistic","current","alliances","arsenals","aryan","assault"
"825","orchards","arrives","accomplish","cared","closest","critical"
"826","orchestras","bartsch","bemoaned","cutbacks","drastic","educators"
"827","otters","view","accosted","accustomed","become","course"
"828","outbursts"," "," "," "," "," "
"829","outcast","community","finger","flick","obey","outraged"
"830","outdone"," "," "," "," "," "
"831","outfitted","band","brand","citizen","electronics","ham"
"832","outfitters","hired","specifies","challenging","awarded","tags"
"833","outgrown","contact","crash","distribute","evenly","forces"
"834","outlawed"," "," "," "," "," "
"835","outnumbered","chased","district","greenwood","hatred","style"
"836","outsource","internally","knowing","secrets","strategy","seo"
"837","outsourced","complex","however","overall","real","user"
"838","ovens","arrangement","business","clearing","contract","factories"
"839","overblown","times","around","abstract","achilles","admiration"
"840","overdo","answered","blessing","emergent","faith","function"
"841","overdone","analogy","antidote","boots","bosnia","hitler"
"842","overflowing","alyssa","babysitters","btw","carts","comment"
"843","overkill","upcoming","hard","age","angrily","appearance"
"844","overlay","define","edit","marquee","scanned","select"
"845","overloaded","aright","arriving","australian","drove","ere"
"846","overlooks","bottom","formal","large","kitchen","center"
"847","overpowered","bedroom","college","fact","freshman","grabbed"
"848","overshadow"," "," "," "," "," "
"849","oversize"," "," "," "," "," "
"850","pained"," "," "," "," "," "
"851","palatable"," "," "," "," "," "
"852","palsy","fact","inside","advantage","alive","anymore"
"853","pamphlet","bring","claiming","fight","garden","gevaar"
"854","pandemic","april","authorities","became","canceled","clear"
"855","panicking","answers","august","diagram","drawing","geology"
"856","panned"," "," "," "," "," "
"857","pantheon","advice","agonise","archetypal","argue","begin"
"858","panting","april","flight","honey","hubby","milestone"
"859","participates"," "," "," "," "," "
"860","particulars","universals","challenge","constantly","constitutes","describe"
"861","partition","driver","limousines","smaller","dhaka","hardly"
"862","parton","like","song","music","new","look"
"863","pascal","wine","casey","belle","blind","boy"
"864","passers","bcs","bolden","chas","conferences","dodd"
"865","pastime","nine","beat","cardinals","defending","fastball"
"866","pate","breaks","canned","chunks","containing","excited"
"867","patina","anyway","appetizers","beef","chefs","cook"
"868","patios","cabinet","chests","granite","grills","hoffman"
"869","patties","color","beaten","candlenuts","chinese","deep"
"870","pauses","meaning","antonyms","defining","fifth","rattled"
"871","payable","appeal","appellant","confirmed","conviction","except"
"872","peasants","enough","bandits","charged","courage","defeat"
"873","peddling"," "," "," "," "," "
"874","pedigree","air","amazing","announce","bags","bump"
"875","peeves","debating","listening","mine","opinionated","pasttime"
"876","peppercorns","affect","balanced","bar","corner","decided"
"877","peres","des","noon","griggs","lodge","crash"
"878","perilous"," "," "," "," "," "
"879","perils","assured","courts","decide","fate","murderess"
"880","perished","accident","boss","brake","controls","driver"
"881","perpetuating","address","advertising","adweek","appropriate","candidates"
"882","perplexing","ability","acted","airplay","allowed","band"
"883","persists"," "," "," "," "," "
"884","pertains","animals","benefits","conflate","confuse","gold"
"885","pervert","young","announce","beautiful","channel","customer"
"886","pests","traps","cold","sense","ready","disappointments"
"887","phasing"," "," "," "," "," "
"888","physique","add","addicted","advise","applied","base"
"889","picnics","clinic","outdoor"," "," "," "
"890","pimping","ill","rapping","trappin","wasnt","france"
"891","pixies","align","anymore","apocalypse","army","battles"
"892","placid","aggressive","anticipating","beijing","brings","celebrations"
"893","plaques","arrangement","choices","choose","customize","personalize"
"894","platters","costly","hardest","lol","sister","actually"
"895","playfully"," "," "," "," "," "
"896","playgrounds","developing","started","accessible","wheelchair","equipment"
"897","playtime","outside","admire","among","battleship","behind"
"898","plopped","bowie","carlin","cash","classic","classics"
"899","polishing","compare","edge","grit","pads","standard"
"900","popularized"," "," "," "," "," "
"901","pores","bombs","cleaning","concerned","discoloration","distinct"
"902","portfolios","actively","antoinette","audit","auditors","behavior"
"903","portrays","advertised","allie","blah","camazotz","caveman"
"904","poser","going","appreciated","argument","changing","chill"
"905","posterity","husband","gems","media","mostly","torture"
"906","posturing","backspace","ballad","band","battle","caroline"
"907","pothole","transportation","causing","move","solve","determining"
"908","preclude"," "," "," "," "," "
"909","predictably","addled","busey","canseco","cassidy","customer"
"910","prelude","aged","blend","citron","coriander","cru"
"911","prerequisite"," "," "," "," "," "
"912","presided"," "," "," "," "," "
"913","pretends"," "," "," "," "," "
"914","pretense","bennett","duets","impression","movies","pretended"
"915","prevails","amount","altered","circumstances","commodities","commodity"
"916","princesses","adversity","argue","based","disposal","distaste"
"917","proclaiming","bland","branded","colonial","driving","equate"
"918","proclaims"," "," "," "," "," "
"919","procure"," "," "," "," "," "
"920","profiled","aside","fondled","served","victimized","agreed"
"921","prognosis","blessing","defect","ecmo","isaiah","born"
"922","projecting"," "," "," "," "," "
"923","prompts","writing","adventures","corresponding","erin","fictional"
"924","proponent"," "," "," "," "," "
"925","proportions","confirm","correct","imperfections","judicious","methods"
"926","protectors","accountable","advocate","ahead","answer","censor"
"927","prunes","dish","stuff","custard","affix","altogether"
"928","pug","breaking","follow","abused","afield","amaze"
"929","pup","waits","leash","mellow","pleads","rolls"
"930","puppets","ideas","artisan","baked","beth","bread"
"931","purge","ended","house","attempted","banker","calling"
"932","purposeful","altered","corruption","details","emphasised","ethnicity"
"933","purposefully","ballgowns","bands","baroque","clothes","ugly"
"934","putts","february","stretch","day","final","book"
"935","qualifiers","awarded","devin","earlier","mellon","ncaas"
"936","qualms"," "," "," "," "," "
"937","quarantine","beverly","book","cast","chihuahua","cloverfield"
"938","queasy","adrenaline","brain","done","dressing","flow"
"939","quell"," "," "," "," "," "
"940","questionnaire","administering","analysable","aside","attitude","desirability"
"941","quibble","accord","ale","beer","beers","bon"
"942","quilted","showing","adjustment","anytime","brushes","chalk"
"943","quintet","summer","booming","celebrated","cin","coise"
"944","quipped"," "," "," "," "," "
"945","quirks","abbott","locked","towns","let","don"
"946","quotations","amount","babylonia","conservative","derived","disproportionately"
"947","racy","andrew","armani","calvin","christian","current"
"948","railroads","field","already","reaching","successful","values"
"949","raindrops","addition","answer","counted","dipped","enjoyed"
"950","ramsay","light","three","tell","blasted","campana"
"951","rancid","america","avoid","doubts","hope","immigrants"
"952","rattled","contained","status","someone","many","take"
"953","raved","affordable","arby's","cracked","decide","deli"
"954","rea","hunting","mama","abuse","compliment","context"
"955","reactionary","russia","ally","louis","bourgeoisie","achieving"
"956","reacts","ammonium","chemically","ejected","fish","glutamate"
"957","readership","cow","desire","disdain","garner","respect"
"958","reassurance"," "," "," "," "," "
"959","rebellious","bottom","cake","dresses","err","frilly"
"960","reborn","anymore","arcobaleno","attack","battle","bermuda"
"961","recessions","badly","behaved","biblical","caution","correctives"
"962","recollections","monarch","email","digi","machine","tools"
"963","recounting"," "," "," "," "," "
"964","rectangles","repeat","approximately","car","episodes","nine"
"965","rediscover","happening","meat","odd","parent","sarandon"
"966","reefs","minnow","style","trolling","western","crib"
"967","refills","available","addition","adopted","alphabet","appreciation"
"968","reformation","heretic","parker","scholars","supported","sacred"
"969","reformers","high","aren","choice","successful","actually"
"970","refute","must","islam","assertion","attacking","attacks"
"971","regroup"," "," "," "," "," "
"972","regulates","allegedly","assure","beware","bills","end"
"973","rehearsed","coached","court","credible","default","dependent"
"974","reimbursements","rules","kasich's","associated","attorney","cents"
"975","reincarnation","adjunct","approach","baptist","cathars","contestation"
"976","reinforcement","accomplishment","account","albert","associated","bandura"
"977","reinstate","acting","consultants","contribution","doubling","limits"
"978","rejoicing","case","circumstance","commands","doesn","emphatically"
"979","rejuvenated"," "," "," "," "," "
"980","relativity","brings","continue","develop","duplicate","handling"
"981","reliability","authorized","knocked","lauby","quebec","ramp"
"982","remade","achieve","arden","characters","dialogue","directing"
"983","remakes","directed","office","jeff","elm","box"
"984","remarried","corona","hinkle","indiana","michigan","moving"
"985","reminisce","chalk","ends","learn","lot's","magazine"
"986","remixes","celebrates","dawn","false","hopefully","later"
"987","remnant","stand","majority","truth","able","aid"
"988","remover","pure","acetone","polish","grab","fantastic"
"989","repertoire","aissawa","processional","trance","volumes","whichever"
"990","replacements","surgeries","contributed","improved","option","reduce"
"991","replete"," "," "," "," "," "
"992","replicated","blueprint","causing","cells","cellular","dna"
"993","reprieve"," "," "," "," "," "
"994","reprimanded","addicted","beat","blogs","bloke","bottom"
"995","reproduced","lower","ago","available","added","break"
"996","reputations","agressively","defending","enough","gained","inventment"
"997","requisite"," "," "," "," "," "
"998","rerun","abc","across","board","dance","delivered"
"999","rescues","afford","hunting","kept","passes","saddens"
"1000","resent","analysis","belittled","conscious","constrain","embarrassed"
"1001","reside","alaskans","bbna","bristol","dillingham","estate"
"1002","residing","apply","assisting","background","care","ccd"
"1003","resigns","typical","day","ceo","like","apple"
"1004","resin","alone","barrels","bio","break","conventional"
"1005","resorted"," "," "," "," "," "
"1006","resorting"," "," "," "," "," "
"1007","restarted"," "," "," "," "," "
"1008","restrained","acts","chooses","chose","interested","nietzsche"
"1009","restraints","drowned","endless","enjoyed","enjoyment","extra"
"1010","ret","accents","almost","also","amethyst","ballet"
"1011","retreats","unfamiliar","woods","addresses","appeared","chooses"
"1012","retrospective","architect","gehry","menil","nasher","preparations"
"1013","revered","apartment","basement","breakfast","capote","oliver"
"1014","reverence","recognizes","reliance","total","piety","gift"
"1015","revived","antagonist","awful","bland","blooded","explained"
"1016","reviving","appealed","beds","bound","checking","college"
"1017","revolutionaries"," "," "," "," "," "
"1018","revue","composers","corti","describe","driven","general"
"1019","ridicule","citizen","comforted","expect","expectations","thanked"
"1020","ridiculed"," "," "," "," "," "
"1021","rife","exchanged","osu","federal","chris","raid"
"1022","rightfully","absolute","amenable","assert","civilised","coercion"
"1023","ripper","capable","always","anything","basic","beings"
"1024","rivalries","alabama","calendar","circled","clash","clemson"
"1025","riveting","differently","lecture","cycle","oregon","riddle"
"1026","roaches","think","appointment","awake","baseboard","begins"
"1027","roadblock","absolutely","attract","background","batman","beachhead"
"1028","roadblocks","answer","diversion","dreamed","imagination","reason"
"1029","rollout"," "," "," "," "," "
"1030","romanian","accent","approached","margareta","pearl","stood"
"1031","rotated","achieved","challenge","closely","collaborative","collage"
"1032","rout","contributed","cory","dawgs","fifty","formula"
"1033","routed"," "," "," "," "," "
"1034","rumbling","harder","fall","sudden","louder","exactly"
"1035","rumored","additionally","adoption","allegations","conformation","experiences"
"1036","rumour","power","action","apply","austin","blamed"
"1037","rundown"," "," "," "," "," "
"1038","rung","silver","medal","good","ladder","big"
"1039","runways","closed","open","main","allow","terminal"
"1040","sadder","gloom","handle","length","novel","overall"
"1041","safeguard","bitterly","centre","conservatives","conviction","democracy's"
"1042","sanction","actively","allies","august","bomb","capitals"
"1043","sandbox"," "," "," "," "," "
"1044","sanderson","makes","different","within","showing","able"
"1045","satisfies"," "," "," "," "," "
"1046","sauerkraut","dish","done","see","areas","begins"
"1047","scandalous","base","concept","coverage","deborah","due"
"1048","scapegoat","adult","assuming","crippling","engage","engaging"
"1049","scarface","ain't","blame","happened","movie"," "
"1050","scarier"," "," "," "," "," "
"1051","scolded","activity","appropriate","blue","child's","circles"
"1052","scolding","choose","clear","couples","express","expressing"
"1053","scoot","daily","bangkok","flights","singapore","adding"
"1054","scorn","bargaining","bat","bit","charity","collecting"
"1055","scorned","achieve","complete","govern","loyalty","peace"
"1056","scorpions","bit","adventure","blood","cave","confident"
"1057","scribe","bearing","alley","ancient","aristocratic","author"
"1058","scrubs","bootleg","colors","fabulous","fit","local"
"1059","scrutinized","across","anorexic","beautiful","caption","curves"
"1060","sculptor","activities","buonarroti","carrara","hides","humanist"
"1061","seder","leave","started","bring","road","salmon"
"1062","seduce","ask","assume","cares","designed","genuinely"
"1063","seeding","absolutely","approach","benefit","beta","blackstone"
"1064","seedy"," "," "," "," "," "
"1065","selfishness","argue","boils","empty","gratification","hopeless"
"1066","seminal"," "," "," "," "," "
"1067","sender","constructed","audience","doesn","failed","fault"
"1068","sensing","climbed","departures","grow","jumped","loads"
"1069","sensuality","affection","appropriate","aspects","combines","commingling"
"1070","serenade"," "," "," "," "," "
"1071","sexes","give","neither","sense","ago","apartments"
"1072","shamelessly"," "," "," "," "," "
"1073","sharpened"," "," "," "," "," "
"1074","shiva","considered","devotion","dominant","empire","ensure"
"1075","shivering","dry","ate","bought","bunch","cooler"
"1076","shoplifting","arrests","report","abiding","addresses","apartment"
"1077","shortcuts","astray","entertaining","eyes","famous","friday"
"1078","showering","uniform","starts","anymore","barrage","capris"
"1079","shreds","applied","burlap","cardstock","checked","combos"
"1080","shutters","booth","bringing","disaster","drawers","fine"
"1081","sic","officers","details","advised","arose","briefing"
"1082","signify","accordingly","bishops","ceasing","common","consisting"
"1083","sill","bypassed","drenched","fed","fitted","landed"
"1084","silos","little","answered","authorities","broken","cabinet"
"1085","sinker","added","coaches","creating","dock","dry"
"1086","sketched","pencil","detail","agar","argument","attack"
"1087","skimming","boiling","bubbles","chap","cost","easily"
"1088","skis","style","hats","longjohns","lugged","rugged"
"1089","skyscrapers","fact","ants","appearing","artistic","attentive"
"1090","slabs","kingdom","finish","water","slab","job"
"1091","slacks","chain","gain","however","inspiration","ladies"
"1092","slimmer","achievable","adding","help","lovely","motivated"
"1093","slog","room","adjoining","appears","bowed","comment"
"1094","slogans","babies","bags","classic","companion","dependable"
"1095","slums","open","anybody","backed","beginning","bhai"
"1096","slung"," "," "," "," "," "
"1097","slurs","cbp","detainees","entry","interrogated","nogales"
"1098","smattering","amount","artfully","artwork","bad","bands"
"1099","smeared"," "," "," "," "," "
"1100","smooches","want","xoxox"," "," "," "
"1101","smoother","direction","gently","roving","rub","spin"
"1102","smudge","behind","blocks","blurs","brain","cataract"
"1103","snapback","club","elegance","entry","fitteds","hosted"
"1104","snapshots"," "," "," "," "," "
"1105","snark","boring","depending","neat","tidbit","comment"
"1106","snows","easy","reschedule","event","cancel","really"
"1107","sobbed","point","moved","added","announced","announcing"
"1108","sobs","bab","backed","continued","issue","kitchen"
"1109","socket","picked","lamp","absorb","adept","antler"
"1110","sodas","contains","cracked","except","fiber","filtered"
"1111","soils","appreciate","australian","christine","concentrations","depleting"
"1112","soiree","balk","blvd","harbor","jahna","jbalk"
"1113","somalia","meles","espoused","limited","agenda","answered"
"1114","sooners","player","ncaa","appearance","architects","artifacts"
"1115","sopranos","character","close","greatness","remain","foxy"
"1116","sorrows","month","although","allotment","bomp","bothered"
"1117","soybeans","adding","aspergillus","caramel","colour","containing"
"1118","spaceship","shot","tells","klaatu's","brave","authorities"
"1119","spades","death","digging","drawing","collect","grieving"
"1120","sparingly","corinthians","generously","reap","remember","sows"
"1121","spasms","hold","boy","didn","anyone","want"
"1122","spawn","backed","booster","boosters","compact","ensued"
"1123","specifications","contact","else","power","led","service"
"1124","specimen","articulate","knowledge","process","subjects","death"
"1125","specter","announced","campaigns","continuing","endorses","endorsing"
"1126","speculators","putting","amass","assess","bias","call"
"1127","spewing","bitterness","challenge","corrosive","corrupt","corrupting"
"1128","spinners","amazon","attached","bolt","call","charges"
"1129","spoiling"," "," "," "," "," "
"1130","spontaneity","boring","brings","calendar","dates","diversity"
"1131","sporty","call","coincidental","coupes","experience","hooked"
"1132","spotty","banner","charm","doily","favourite","finishing"
"1133","sprawl","resulting","atlanta","increased","people","advocates"
"1134","sprinklers","dismounted","encountered","felt","katie","liked"
"1135","sprinting","training","part","still","aerobic","exercise"
"1136","sprints","although","difficult","huffing","mainly","maintaining"
"1137","spurts","weight","body","aerobic","betrays","birthday"
"1138","squadron","accommodate","amended","arrested","asis","authorised"
"1139","squandered"," "," "," "," "," "
"1140","squashed","beneath","bound","brick","chrome","cigar"
"1141","stabilizing"," "," "," "," "," "
"1142","staffs","brauman","certified","france","instructor","level"
"1143","staggered"," "," "," "," "," "
"1144","stairwell","bark","crouched","didn","edge","elbows"
"1145","stalwart","cool","something","achievement","distinct","doof"
"1146","statistic","budgets","citizen","coffer","future","lies"
"1147","stead","afloat","amalinda","camp","economic","farm"
"1148","stemmed"," "," "," "," "," "
"1149","stench","avoid","beast","beneficent","camel","camels"
"1150","stepson","answer","arrive","care","coordinate","desired"
"1151","stiffness","type","material","amongst","apply","behave"
"1152","stiller","made","settle","stereotypes","plays","among"
"1153","stimulated","accustomed","americans","canada","canadians","civic"
"1154","stings","benadryl","counted","elbow","generic","given"
"1155","stipend","blessing","debts","door","everyday","front"
"1156","stoic","stoics","able","achieve","attain","believes"
"1157","stroking"," "," "," "," "," "
"1158","strollers","like","say","band","circle","exercises"
"1159","stumped"," "," "," "," "," "
"1160","stunts","fighting","improvement","ares","chimera","choppy"
"1161","stupidly","abba","arrange","asked","evagrios","fiercer"
"1162","stylists","york","lives","three","new","actual"
"1163","stymied"," "," "," "," "," "
"1164","suave","apron","chair","decks","drags","hour"
"1165","subplot","sudden","subplots","always","issue","add"
"1166","subpoenas","groups","brunner","letohiovote","org","secretary"
"1167","subsided"," "," "," "," "," "
"1168","substituted","bishops","blessed","breviary","celebrated","century"
"1169","substitutes","catastrophic","crop","european","failure","hallertauer"
"1170","substitution","aligned","bears","boyhood","brady","breaks"
"1171","subtext","notes","users","boyd","bringing","classics"
"1172","suburbia","create","agenda","bio","contacted","convert"
"1173","summarize","absence","abstract","anchored","approximation","captured"
"1174","summarized"," "," "," "," "," "
"1175","sundown","observing","right","fine","real","learned"
"1176","sunflowers","actual","behold","bones","canada","cancel"
"1177","superiors","akin","barbaric","calling","chen","cop"
"1178","superstitious","christmas","facility","giants","individual","lobby"
"1179","supple"," "," "," "," "," "
"1180","suppressed","light","abortion","ache","drugs","esteem"
"1181","surname","merely","primarily","examining","language","term"
"1182","susceptible","rest","arena","blogging","booked","charitable"
"1183","swank","consider","decades","decor","enough","feeling"
"1184","swears","certain","couples","hearing","versions","person"
"1185","swells"," "," "," "," "," "
"1186","swims","briefly","checking","designed","fillmore","jane"
"1187","syllables","follows","loosely","structure","abbreviate","aus"
"1188","sympathize","friend's","oscar","requires","success","sufferings"
"1189","systematically","alphabet","bath","bathroom","cleaned","cleaning"
"1190","tabloids"," "," "," "," "," "
"1191","tampons","bill","consider","damn","decide","dollar"
"1192","tannins","bourgueil","chinon","compared","cousins","fruitier"
"1193","tantrums","educators","kicking","adore","ensuring","feed"
"1194","tanya","five","addition","afghanistan","air","began"
"1195","tasking","awry","faulty","goes"," "," "
"1196","tasteful","casting","fav","notice","line","nudity"
"1197","taster","angela","aspiring","classes","concerned","cookery"
"1198","teaming"," "," "," "," "," "
"1199","tearful"," "," "," "," "," "
"1200","teeming","eyes","along","white","amid","amount"
"1201","temperament","adapt","affect","approach","behaviours","biological"
"1202","tempt"," "," "," "," "," "
"1203","tendencies","actants","activity","bodies","components","compose"
"1204","tenders","bought","enjoyed","freezer","grocery","husband"
"1205","terminals","will","accept","cabs","chains","contactless"
"1206","testifies","birth","certificate","beauty","certainly","earth"
"1207","textiles","standard","african","variety","base","begin"
"1208","thefts","brings","burglaries","identity","impact","know"
"1209","thereafter","accomplish","believed","believing","brainwashed","changes"
"1210","thistle","cain","conservative","degenerate","lapel","malicious"
"1211","thrillers","accordingly","appropriate","fit","natural","naturally"
"1212","throats","cover","hide","banned","cite","commercial"
"1213","thrower","air","calls","camp","collects","degenerates"
"1214","thundering","blast","firing","followed","happened","haroon"
"1215","ticketing","although","bay","beginning","benches","booths"
"1216","tiers","three","however","general","cakes","exchanged"
"1217","tilting","according","attacked","bridge","bulletin","country"
"1218","tome","classiques","larousse","minn","nouveaux","older"
"1219","toolbox","access","analytical","capabilities","direct","functions"
"1220","torches","chlorofluorocarbons","danube","defunded","driven","frankenstein"
"1221","torment","admit","enjoyable","liking","thoroughly","scorpion"
"1222","tosh","room","asks","assumes","bed","brenda"
"1223","trademarks","continue","continuing","fact","groundless","hilltone"
"1224","traffickers","threaten","abandoned","quickly","press","fact"
"1225","tragedies"," "," "," "," "," "
"1226","trainees","areas","delighted","grilling","interviewing","level"
"1227","transpired","deeply","follow","procedures","saddened","sideways"
"1228","traps","allowing","surface","september","season","boar"
"1229","travesty","alive","amy","begin","brackett","cds"
"1230","trellis","archway","atop","big","blooms","bushes"
"1231","tremors","atkinson","curling","desk","finger","generally"
"1232","trepidation"," "," "," "," "," "
"1233","tribulations","forth","hath","observe","security","shall"
"1234","tributes","double","equipped","existing","protect","reaped"
"1235","trickled"," "," "," "," "," "
"1236","triggers","went","dialogue","introduce","reminents","surprises"
"1237","trina","facials","start","calling","everyone","best"
"1238","tropes","ancient","belongs","conception","determined","ditko"
"1239","truffles","chocolate","bottom","put","coats","dip"
"1240","trumpets","making","acoustically","ayako","circle","dramatically"
"1241","tucking","blossom","boned","bruell","construct","cream"
"1242","twitching","curled","kinda","sum","superhead","toes"
"1243","typewriters","today","amazing","appears","astrotone","company's"
"1244","ugliness","aversion","chicks","cilantro","dear","escalators"
"1245","umbrellas","apart","ballons","ceremony","changing","cheering"
"1246","unaffected"," "," "," "," "," "
"1247","unavoidable","circle","concentration","cruiser","duty","everytime"
"1248","unbalanced","barack","boehner","direction","extraordinarily","obama"
"1249","unbridled"," "," "," "," "," "
"1250","unchecked","abused","black","complicit","consequence","described"
"1251","uncool","accordion","aspect","breathless","brief","bristle"
"1252","undermines"," "," "," "," "," "
"1253","understated","shades","comparative","dominate","evidenced","falls"
"1254","undertake","others","attempts","choosing","differing","diversify"
"1255","undertones","carefully","choreographed","comically","cousins","eco"
"1256","undesirable","delivering","educate","enabling","enemy","expedient"
"1257","undoing"," "," "," "," "," "
"1258","unearthed","afraid","cash","claiming","compilation","effort"
"1259","unease"," "," "," "," "," "
"1260","unelected","arguable","census","councillor","councilmen","cronies"
"1261","unending","memorial","noted","passages","referencing","absolutely"
"1262","unexplained","anc","calculated","commission's","comprehension","conclusions"
"1263","unfettered"," "," "," "," "," "
"1264","unflattering","feel","bajillion","baring","blinking","comical"
"1265","unfounded","blake","examine","meltzer","welfare","agency"
"1266","unharmed"," "," "," "," "," "
"1267","unimpressed","air","booked","burn","conditioner","gravy"
"1268","uninteresting","complementary","computational","excerpt","flake","gary"
"1269","uniqueness","avenues","causes","chosen","compelled","completeness"
"1270","unknowingly","concerned","constant","couldn","curling","dangerously"
"1271","unleashing","cms","data","kraken","power","like"
"1272","unmistakable","crossed","demonstrable","deterrence","essence","toughness"
"1273","unnerving"," "," "," "," "," "
"1274","unplugged","adopted","agenda","assembled","barcelona","context"
"1275","unresponsive"," "," "," "," "," "
"1276","unscathed","afford","bigshots","coach","flick","fourth"
"1277","unwise","belief","continue","gathered","gone","perceptions"
"1278","unwittingly"," "," "," "," "," "
"1279","upheaval","arab","year"," "," "," "
"1280","uproar"," "," "," "," "," "
"1281","upstart"," "," "," "," "," "
"1282","upswing"," "," "," "," "," "
"1283","uptight","beats","chance","channing","egos","gotta"
"1284","urinal","experience","thinking","seat","artist","artistic"
"1285","utensils","alleviate","allow","attendees","clutter","desserts"
"1286","uterus","amazes","beasts","chopped","invader","jeannine"
"1287","vacationing","agrees","horny","initially","involve","meet"
"1288","valentin","one","action","admirers","advice","cross"
"1289","variance","may","compared","extreme","mean","accumulating"
"1290","variant","action","bigger","blaze","corona","elegant"
"1291","varietal","adopted","allow","along","america","become"
"1292","vendetta","cristo","gold","katy","kissed","mash"
"1293","vengeful"," "," "," "," "," "
"1294","vermouth","big","noticed","aromatics","boring","chunks"
"1295","vibrating","affected","beings","certain","common","current"
"1296","vibrations","drum","state","arouse","aspects","celebrate"
"1297","victimized","across","british","centuries","colonialism","come"
"1298","videotape","alive","contacted","crucial","kletzky","leiby"
"1299","vigilance","barefoot","binding","legally","marshals","papers"
"1300","vignettes","acts","amused","appears","assigned","behavior"
"1301","vigor"," "," "," "," "," "
"1302","vindicated","abridged","accurate","analysis","collapse","considered"
"1303","virgins","allah","appeared","awards","beauty","breasts"
"1304","vocalists","allows","creativity","done","follows","forth"
"1305","voltaire","last","least","whole","time","law"
"1306","vowels","amount","four","ojibwe","refer","long"
"1307","voyager","form","right","outer","turns","space"
"1308","vulture","center","little","attracted","ayod","carter"
"1309","wading","protection","rap","rip","rubber","sandal"
"1310","wafers","turned","averted","bulk","failure","funny"
"1311","wagons","bob","french","guards","kitchen","locate"
"1312","waistline","finish","finishing","grosgrain","opted","original"
"1313","waitresses","members","bus","blondes","bucks","candles"
"1314","walrus","ice","alone","beast","becomes","bellow"
"1315","warehouses","use","acquisitions","activity","aelius","approved"
"1316","wares","cause","considerable","epoch","prydniprov","slavs"
"1317","warranted","charging","evans","prosecuting","charge","supported"
"1318","waterfalls","state","creek","reason","accompany","article"
"1319","weaponry","artillery","assad","quitting","strength","alice"
"1320","weeklong"," "," "," "," "," "
"1321","weep","across","city","towards","add","adds"
"1322","weirdness","watch","aloud","andy","bravo","cohen"
"1323","whacked","years","impossible","lucky","mama","thoughts"
"1324","widened","dumbfounded","expecting","expression","expressive","joy"
"1325","wildfires","acres","aquifers","arid","deplete","digit"
"1326","willfully","accurate","awareness","defines","done","drives"
"1327","winks","commander","naughty","oohh","scared","make"
"1328","woodwork","carroll","cleared","compare","earlier","evidence"
"1329","wording","abundant","alternate","authentic","commended","function"
"1330","worrisome","criticism","current","drift","insiders","irrelevance"
"1331","worsen"," "," "," "," "," "
"1332","worsened"," "," "," "," "," "
"1333","wrangler","attached","caught","compartment","damaging","destroying"
"1334","wrangling"," "," "," "," "," "
"1335","wrecks","blogroll","blogspot","cakewrecks","com","host"
"1336","wristband","music","pants","please","ass","follow"
"1337","yawning","pandiculation","accompanied","aspect","fascinating","invariably"
"1338","yearning","experience","affected","analogy","animals","belmonts"
"1339","zoomed","rings","activated","bills","cook","cook's"
