"EVTYPE","EventCategory"
"   HIGH SURF ADVISORY","High Seas/Extreme Tides/Surf"
" COASTAL FLOOD","Floods"
" FLASH FLOOD","Floods"
" LIGHTNING","Lightning"
" TSTM WIND","Thunderstorm"
" TSTM WIND (G45)","Thunderstorm"
" WATERSPOUT","Tornadoes/Waterspouts"
" WIND","High Winds"
"?","Miscellaneous"
"ABNORMAL WARMTH","Severe Heat"
"ABNORMALLY DRY","Miscellaneous"
"ABNORMALLY WET","Miscellaneous"
"ACCUMULATED SNOWFALL","Snow/Winter Storm/Blizzard"
"AGRICULTURAL FREEZE","Severe Cold"
"APACHE COUNTY","Miscellaneous"
"ASTRONOMICAL HIGH TIDE","High Seas/Extreme Tides/Surf"
"ASTRONOMICAL LOW TIDE","High Seas/Extreme Tides/Surf"
"AVALANCE","Miscellaneous"
"AVALANCHE","Miscellaneous"
"BEACH EROSIN","Miscellaneous"
"Beach Erosion","Miscellaneous"
"BEACH EROSION","Miscellaneous"
"BEACH EROSION/COASTAL FLOOD","Floods"
"BEACH FLOOD","Floods"
"BELOW NORMAL PRECIPITATION","Miscellaneous"
"BITTER WIND CHILL","Severe Cold"
"BITTER WIND CHILL TEMPERATURES","Severe Cold"
"Black Ice","Severe Cold"
"BLACK ICE","Severe Cold"
"BLIZZARD","Snow/Winter Storm/Blizzard"
"BLIZZARD AND EXTREME WIND CHIL","Snow/Winter Storm/Blizzard"
"BLIZZARD AND HEAVY SNOW","Snow/Winter Storm/Blizzard"
"Blizzard Summary","Snow/Winter Storm/Blizzard"
"BLIZZARD WEATHER","Snow/Winter Storm/Blizzard"
"BLIZZARD/FREEZING RAIN","Snow/Winter Storm/Blizzard"
"BLIZZARD/HEAVY SNOW","Snow/Winter Storm/Blizzard"
"BLIZZARD/HIGH WIND","Snow/Winter Storm/Blizzard"
"BLIZZARD/WINTER STORM","Snow/Winter Storm/Blizzard"
"BLOWING DUST","Miscellaneous"
"BLOWING SNOW","Snow/Winter Storm/Blizzard"
"blowing snow","Snow/Winter Storm/Blizzard"
"Blowing Snow","Snow/Winter Storm/Blizzard"
"BLOWING SNOW & EXTREME WIND CH","Snow/Winter Storm/Blizzard"
"BLOWING SNOW- EXTREME WIND CHI","Snow/Winter Storm/Blizzard"
"BLOWING SNOW/EXTREME WIND CHIL","Snow/Winter Storm/Blizzard"
"BLOW-OUT TIDE","High Seas/Extreme Tides/Surf"
"BLOW-OUT TIDES","High Seas/Extreme Tides/Surf"
"BREAKUP FLOODING","Floods"
"BRUSH FIRE","Wildfires"
"BRUSH FIRES","Wildfires"
"COASTAL  FLOODING/EROSION","Floods"
"COASTAL EROSION","Miscellaneous"
"COASTAL FLOOD","Floods"
"Coastal Flood","Floods"
"COASTAL FLOODING","Floods"
"Coastal Flooding","Floods"
"coastal flooding","Floods"
"COASTAL FLOODING/EROSION","Floods"
"COASTAL STORM","Miscellaneous"
"Coastal Storm","Miscellaneous"
"COASTAL SURGE","Miscellaneous"
"COASTAL/TIDAL FLOOD","Floods"
"COASTALFLOOD","Floods"
"COASTALSTORM","Miscellaneous"
"COLD","Severe Cold"
"Cold","Severe Cold"
"COLD AIR FUNNEL","Severe Cold"
"COLD AIR FUNNELS","Severe Cold"
"COLD AIR TORNADO","Severe Cold"
"Cold and Frost","Severe Cold"
"COLD AND FROST","Severe Cold"
"COLD AND SNOW","Severe Cold"
"COLD AND WET CONDITIONS","Severe Cold"
"Cold Temperature","Severe Cold"
"COLD TEMPERATURES","Severe Cold"
"COLD WAVE","Severe Cold"
"COLD WEATHER","Severe Cold"
"COLD WIND CHILL TEMPERATURES","Severe Cold"
"COLD/WIND CHILL","Severe Cold"
"COLD/WINDS","Severe Cold"
"COOL AND WET","Severe Cold"
"COOL SPELL","Severe Cold"
"CSTL FLOODING/EROSION","Floods"
"DAM BREAK","Miscellaneous"
"DAM FAILURE","Miscellaneous"
"DAMAGING FREEZE","Severe Cold"
"Damaging Freeze","Severe Cold"
"DEEP HAIL","Miscellaneous"
"DENSE FOG","Miscellaneous"
"DENSE SMOKE","Miscellaneous"
"DOWNBURST","Miscellaneous"
"DOWNBURST WINDS","Miscellaneous"
"DRIEST MONTH","Miscellaneous"
"Drifting Snow","Miscellaneous"
"DROUGHT","Severe Heat"
"DROUGHT/EXCESSIVE HEAT","Severe Heat"
"DROWNING","Miscellaneous"
"DRY","Severe Heat"
"DRY CONDITIONS","Severe Heat"
"DRY HOT WEATHER","Severe Heat"
"DRY MICROBURST","Miscellaneous"
"DRY MICROBURST 50","Miscellaneous"
"DRY MICROBURST 53","Miscellaneous"
"DRY MICROBURST 58","Miscellaneous"
"DRY MICROBURST 61","Miscellaneous"
"DRY MICROBURST 84","Miscellaneous"
"DRY MICROBURST WINDS","Miscellaneous"
"DRY MIRCOBURST WINDS","Miscellaneous"
"DRY PATTERN","Severe Heat"
"DRY SPELL","Severe Heat"
"DRY WEATHER","Severe Heat"
"DRYNESS","Severe Heat"
"DUST DEVEL","Miscellaneous"
"DUST DEVIL","Miscellaneous"
"Dust Devil","Miscellaneous"
"DUST DEVIL WATERSPOUT","Miscellaneous"
"DUST STORM","Miscellaneous"
"DUST STORM/HIGH WINDS","Miscellaneous"
"DUSTSTORM","Miscellaneous"
"EARLY FREEZE","Miscellaneous"
"EARLY FROST","Miscellaneous"
"Early Frost","Miscellaneous"
"EARLY RAIN","Miscellaneous"
"EARLY SNOW","Miscellaneous"
"Early snowfall","Miscellaneous"
"EARLY SNOWFALL","Miscellaneous"
"Erosion/Cstl Flood","Miscellaneous"
"EXCESSIVE","Miscellaneous"
"Excessive Cold","Severe Cold"
"EXCESSIVE HEAT","Severe Heat"
"EXCESSIVE HEAT/DROUGHT","Severe Heat"
"EXCESSIVE PRECIPITATION","Heavy Rains"
"EXCESSIVE RAIN","Heavy Rains"
"EXCESSIVE RAINFALL","Heavy Rains"
"EXCESSIVE SNOW","Snow/Winter Storm/Blizzard"
"EXCESSIVE WETNESS","Heavy Rains"
"EXCESSIVELY DRY","Severe Heat"
"Extended Cold","Severe Cold"
"EXTREME COLD","Severe Cold"
"Extreme Cold","Severe Cold"
"EXTREME COLD/WIND CHILL","Severe Cold"
"EXTREME HEAT","Severe Heat"
"EXTREME WIND CHILL","Severe Cold"
"EXTREME WIND CHILL/BLOWING SNO","Severe Cold"
"EXTREME WIND CHILLS","Severe Cold"
"EXTREME WINDCHILL","Severe Cold"
"EXTREME WINDCHILL TEMPERATURES","Severe Cold"
"EXTREME/RECORD COLD","Severe Cold"
"EXTREMELY WET","Heavy Rains"
"FALLING SNOW/ICE","Severe Cold"
"FIRST FROST","Miscellaneous"
"FIRST SNOW","Miscellaneous"
"FLASH FLOOD","Floods"
"FLASH FLOOD - HEAVY RAIN","Floods"
"FLASH FLOOD FROM ICE JAMS","Floods"
"FLASH FLOOD LANDSLIDES","Floods"
"FLASH FLOOD WINDS","Floods"
"FLASH FLOOD/","Floods"
"FLASH FLOOD/ FLOOD","Floods"
"FLASH FLOOD/ STREET","Floods"
"FLASH FLOOD/FLOOD","Floods"
"FLASH FLOOD/HEAVY RAIN","Floods"
"FLASH FLOOD/LANDSLIDE","Floods"
"FLASH FLOODING","Floods"
"FLASH FLOODING/FLOOD","Floods"
"FLASH FLOODING/THUNDERSTORM WI","Floods"
"FLASH FLOODS","Floods"
"FLASH FLOOODING","Floods"
"FLOOD","Floods"
"Flood","Floods"
"FLOOD & HEAVY RAIN","Floods"
"FLOOD FLASH","Floods"
"FLOOD FLOOD/FLASH","Floods"
"FLOOD WATCH/","Floods"
"FLOOD/FLASH","Floods"
"FLOOD/FLASH FLOOD","Floods"
"Flood/Flash Flood","Floods"
"FLOOD/FLASH FLOODING","Floods"
"FLOOD/FLASH/FLOOD","Floods"
"FLOOD/FLASHFLOOD","Floods"
"FLOOD/RAIN/WIND","Floods"
"FLOOD/RAIN/WINDS","Floods"
"FLOOD/RIVER FLOOD","Floods"
"Flood/Strong Wind","Floods"
"FLOODING","Floods"
"FLOODING/HEAVY RAIN","Floods"
"FLOODS","Floods"
"FOG","Miscellaneous"
"FOG AND COLD TEMPERATURES","Miscellaneous"
"FOREST FIRES","Wildfires"
"FREEZE","Severe Cold"
"Freeze","Severe Cold"
"FREEZING DRIZZLE","Severe Cold"
"Freezing Drizzle","Severe Cold"
"Freezing drizzle","Severe Cold"
"FREEZING DRIZZLE AND FREEZING","Severe Cold"
"Freezing Fog","Severe Cold"
"FREEZING FOG","Severe Cold"
"FREEZING RAIN","Severe Cold"
"Freezing Rain","Severe Cold"
"Freezing rain","Severe Cold"
"FREEZING RAIN AND SLEET","Severe Cold"
"FREEZING RAIN AND SNOW","Severe Cold"
"FREEZING RAIN SLEET AND","Severe Cold"
"FREEZING RAIN SLEET AND LIGHT","Severe Cold"
"FREEZING RAIN/SLEET","Severe Cold"
"FREEZING RAIN/SNOW","Severe Cold"
"Freezing Spray","Severe Cold"
"FROST","Severe Cold"
"Frost","Severe Cold"
"Frost/Freeze","Severe Cold"
"FROST/FREEZE","Severe Cold"
"FROST\FREEZE","Severe Cold"
"FUNNEL","Tornadoes/Waterspouts"
"FUNNEL CLOUD","Tornadoes/Waterspouts"
"Funnel Cloud","Tornadoes/Waterspouts"
"FUNNEL CLOUD.","Tornadoes/Waterspouts"
"FUNNEL CLOUD/HAIL","Tornadoes/Waterspouts"
"FUNNEL CLOUDS","Tornadoes/Waterspouts"
"FUNNELS","Tornadoes/Waterspouts"
"GLAZE","Severe Cold"
"Glaze","Severe Cold"
"GLAZE ICE","Severe Cold"
"GLAZE/ICE STORM","Severe Cold"
"Gradient wind","High Winds"
"GRADIENT WIND","High Winds"
"gradient wind","High Winds"
"GRADIENT WINDS","High Winds"
"GRASS FIRES","Wildfires"
"GROUND BLIZZARD","Miscellaneous"
"GUSTNADO","Miscellaneous"
"GUSTNADO AND","Miscellaneous"
"GUSTY LAKE WIND","High Winds"
"GUSTY THUNDERSTORM WIND","High Winds"
"GUSTY THUNDERSTORM WINDS","High Winds"
"Gusty Wind","High Winds"
"GUSTY WIND","High Winds"
"GUSTY WIND/HAIL","High Winds"
"GUSTY WIND/HVY RAIN","High Winds"
"Gusty wind/rain","High Winds"
"GUSTY WINDS","High Winds"
"Gusty Winds","High Winds"
"Gusty winds","High Winds"
"HAIL","Severe Cold"
"HAIL 0.75","Severe Cold"
"HAIL 0.88","Severe Cold"
"HAIL 075","Severe Cold"
"HAIL 088","Severe Cold"
"HAIL 1.00","Severe Cold"
"HAIL 1.75","Severe Cold"
"HAIL 1.75)","Severe Cold"
"HAIL 100","Severe Cold"
"HAIL 125","Severe Cold"
"HAIL 150","Severe Cold"
"HAIL 175","Severe Cold"
"HAIL 200","Severe Cold"
"HAIL 225","Severe Cold"
"HAIL 275","Severe Cold"
"HAIL 450","Severe Cold"
"HAIL 75","Severe Cold"
"HAIL 80","Severe Cold"
"HAIL 88","Severe Cold"
"HAIL ALOFT","Severe Cold"
"HAIL DAMAGE","Severe Cold"
"HAIL FLOODING","High Seas/Extreme Tides/Surf"
"HAIL STORM","Severe Cold"
"Hail(0.75)","Severe Cold"
"HAIL/ICY ROADS","Severe Cold"
"HAIL/WIND","Severe Cold"
"HAIL/WINDS","Severe Cold"
"HAILSTORM","Severe Cold"
"HAILSTORMS","Severe Cold"
"HARD FREEZE","Severe Cold"
"HAZARDOUS SURF","High Seas/Extreme Tides/Surf"
"HEAT","Severe Heat"
"HEAT DROUGHT","Severe Heat"
"HEAT WAVE","Severe Heat"
"Heat Wave","Severe Heat"
"HEAT WAVE DROUGHT","Severe Heat"
"HEAT WAVES","Severe Heat"
"HEAT/DROUGHT","Severe Heat"
"Heatburst","Severe Heat"
"HEAVY LAKE SNOW","Snow/Winter Storm/Blizzard"
"HEAVY MIX","Snow/Winter Storm/Blizzard"
"HEAVY PRECIPATATION","Heavy Rains"
"HEAVY PRECIPITATION","Heavy Rains"
"Heavy Precipitation","Heavy Rains"
"HEAVY RAIN","Heavy Rains"
"Heavy Rain","Heavy Rains"
"Heavy rain","Heavy Rains"
"HEAVY RAIN AND FLOOD","Heavy Rains"
"Heavy Rain and Wind","Heavy Rains"
"HEAVY RAIN EFFECTS","Heavy Rains"
"HEAVY RAIN/FLOODING","Heavy Rains"
"Heavy Rain/High Surf","Heavy Rains"
"HEAVY RAIN/LIGHTNING","Heavy Rains"
"HEAVY RAIN/MUDSLIDES/FLOOD","Heavy Rains"
"HEAVY RAIN/SEVERE WEATHER","Heavy Rains"
"HEAVY RAIN/SMALL STREAM URBAN","Heavy Rains"
"HEAVY RAIN/SNOW","Heavy Rains"
"HEAVY RAIN/URBAN FLOOD","Heavy Rains"
"HEAVY RAIN/WIND","Heavy Rains"
"HEAVY RAIN; URBAN FLOOD WINDS;","Heavy Rains"
"HEAVY RAINFALL","Heavy Rains"
"HEAVY RAINS","Heavy Rains"
"HEAVY RAINS/FLOODING","Heavy Rains"
"HEAVY SEAS","High Seas/Extreme Tides/Surf"
"HEAVY SHOWER","Heavy Rains"
"HEAVY SHOWERS","Heavy Rains"
"HEAVY SNOW","Snow/Winter Storm/Blizzard"
"HEAVY SNOW   FREEZING RAIN","Snow/Winter Storm/Blizzard"
"HEAVY SNOW & ICE","Snow/Winter Storm/Blizzard"
"HEAVY SNOW AND","Snow/Winter Storm/Blizzard"
"HEAVY SNOW AND HIGH WINDS","Snow/Winter Storm/Blizzard"
"HEAVY SNOW AND ICE","Snow/Winter Storm/Blizzard"
"HEAVY SNOW AND ICE STORM","Snow/Winter Storm/Blizzard"
"HEAVY SNOW AND STRONG WINDS","Snow/Winter Storm/Blizzard"
"HEAVY SNOW ANDBLOWING SNOW","Snow/Winter Storm/Blizzard"
"Heavy snow shower","Snow/Winter Storm/Blizzard"
"HEAVY SNOW SQUALLS","Snow/Winter Storm/Blizzard"
"HEAVY SNOW/BLIZZARD","Snow/Winter Storm/Blizzard"
"HEAVY SNOW/BLIZZARD/AVALANCHE","Snow/Winter Storm/Blizzard"
"HEAVY SNOW/BLOWING SNOW","Snow/Winter Storm/Blizzard"
"HEAVY SNOW/FREEZING RAIN","Snow/Winter Storm/Blizzard"
"HEAVY SNOW/HIGH","Snow/Winter Storm/Blizzard"
"HEAVY SNOW/HIGH WIND","Snow/Winter Storm/Blizzard"
"HEAVY SNOW/HIGH WINDS","Snow/Winter Storm/Blizzard"
"HEAVY SNOW/HIGH WINDS & FLOOD","Snow/Winter Storm/Blizzard"
"HEAVY SNOW/HIGH WINDS/FREEZING","Snow/Winter Storm/Blizzard"
"HEAVY SNOW/ICE","Snow/Winter Storm/Blizzard"
"HEAVY SNOW/ICE STORM","Snow/Winter Storm/Blizzard"
"HEAVY SNOW/SLEET","Snow/Winter Storm/Blizzard"
"HEAVY SNOW/SQUALLS","Snow/Winter Storm/Blizzard"
"HEAVY SNOW/WIND","Snow/Winter Storm/Blizzard"
"HEAVY SNOW/WINTER STORM","Snow/Winter Storm/Blizzard"
"HEAVY SNOWPACK","Snow/Winter Storm/Blizzard"
"HEAVY SNOW-SQUALLS","Snow/Winter Storm/Blizzard"
"HEAVY SURF","High Seas/Extreme Tides/Surf"
"Heavy Surf","High Seas/Extreme Tides/Surf"
"Heavy surf and wind","High Seas/Extreme Tides/Surf"
"HEAVY SURF COASTAL FLOODING","High Seas/Extreme Tides/Surf"
"HEAVY SURF/HIGH SURF","High Seas/Extreme Tides/Surf"
"HEAVY SWELLS","High Seas/Extreme Tides/Surf"
"HEAVY WET SNOW","Snow/Winter Storm/Blizzard"
"HIGH","High Seas/Extreme Tides/Surf"
"HIGH  SWELLS","High Seas/Extreme Tides/Surf"
"HIGH  WINDS","High Winds"
"HIGH SEAS","High Seas/Extreme Tides/Surf"
"HIGH SURF","High Seas/Extreme Tides/Surf"
"High Surf","High Seas/Extreme Tides/Surf"
"HIGH SURF ADVISORIES","High Seas/Extreme Tides/Surf"
"HIGH SURF ADVISORY","High Seas/Extreme Tides/Surf"
"HIGH SWELLS","High Seas/Extreme Tides/Surf"
"HIGH TEMPERATURE RECORD","Severe Heat"
"HIGH TIDES","High Seas/Extreme Tides/Surf"
"HIGH WATER","High Seas/Extreme Tides/Surf"
"HIGH WAVES","High Seas/Extreme Tides/Surf"
"HIGH WIND","High Winds"
"High Wind","High Winds"
"HIGH WIND (G40)","High Winds"
"HIGH WIND 48","High Winds"
"HIGH WIND 63","High Winds"
"HIGH WIND 70","High Winds"
"HIGH WIND AND HEAVY SNOW","Miscellaneous"
"HIGH WIND AND HIGH TIDES","High Winds"
"HIGH WIND AND SEAS","High Winds"
"HIGH WIND DAMAGE","High Winds"
"HIGH WIND/ BLIZZARD","Snow/Winter Storm/Blizzard"
"HIGH WIND/BLIZZARD","Snow/Winter Storm/Blizzard"
"HIGH WIND/BLIZZARD/FREEZING RA","Snow/Winter Storm/Blizzard"
"HIGH WIND/HEAVY SNOW","Snow/Winter Storm/Blizzard"
"HIGH WIND/LOW WIND CHILL","Severe Cold"
"HIGH WIND/SEAS","High Seas/Extreme Tides/Surf"
"HIGH WIND/WIND CHILL","Severe Cold"
"HIGH WIND/WIND CHILL/BLIZZARD","Snow/Winter Storm/Blizzard"
"HIGH WINDS","High Winds"
"HIGH WINDS 55","High Winds"
"HIGH WINDS 57","High Winds"
"HIGH WINDS 58","High Winds"
"HIGH WINDS 63","High Winds"
"HIGH WINDS 66","High Winds"
"HIGH WINDS 67","High Winds"
"HIGH WINDS 73","High Winds"
"HIGH WINDS 76","High Winds"
"HIGH WINDS 80","High Winds"
"HIGH WINDS 82","High Winds"
"HIGH WINDS AND WIND CHILL","Severe Cold"
"HIGH WINDS DUST STORM","High Winds"
"HIGH WINDS HEAVY RAINS","High Winds"
"HIGH WINDS/","High Winds"
"HIGH WINDS/COASTAL FLOOD","Floods"
"HIGH WINDS/COLD","Severe Cold"
"HIGH WINDS/FLOODING","Floods"
"HIGH WINDS/HEAVY RAIN","Heavy Rains"
"HIGH WINDS/SNOW","Snow/Winter Storm/Blizzard"
"HIGHWAY FLOODING","Floods"
"Hot and Dry","Severe Heat"
"HOT PATTERN","Severe Heat"
"HOT SPELL","Severe Heat"
"HOT WEATHER","Severe Heat"
"HOT/DRY PATTERN","Severe Heat"
"HURRICANE","Hurricanes"
"Hurricane Edouard","Hurricanes"
"HURRICANE EMILY","Hurricanes"
"HURRICANE ERIN","Hurricanes"
"HURRICANE FELIX","Hurricanes"
"HURRICANE GORDON","Hurricanes"
"HURRICANE OPAL","Hurricanes"
"HURRICANE OPAL/HIGH WINDS","Hurricanes"
"HURRICANE/TYPHOON","Hurricanes"
"HURRICANE-GENERATED SWELLS","Hurricanes"
"HVY RAIN","Miscellaneous"
"HYPERTHERMIA/EXPOSURE","Severe Cold"
"HYPOTHERMIA","Severe Cold"
"Hypothermia/Exposure","Severe Cold"
"HYPOTHERMIA/EXPOSURE","Severe Cold"
"ICE","Severe Cold"
"ICE AND SNOW","Severe Cold"
"ICE FLOES","Severe Cold"
"Ice Fog","Severe Cold"
"ICE JAM","Severe Cold"
"Ice jam flood (minor","Severe Cold"
"ICE JAM FLOODING","Severe Cold"
"ICE ON ROAD","Severe Cold"
"ICE PELLETS","Severe Cold"
"ICE ROADS","Severe Cold"
"ICE STORM","Severe Cold"
"ICE STORM AND SNOW","Severe Cold"
"ICE STORM/FLASH FLOOD","Severe Cold"
"ICE/SNOW","Severe Cold"
"Ice/Snow","Severe Cold"
"ICE/STRONG WINDS","Severe Cold"
"Icestorm/Blizzard","Severe Cold"
"ICY ROADS","Severe Cold"
"Icy Roads","Severe Cold"
"LACK OF SNOW","Miscellaneous"
"LAKE EFFECT SNOW","Snow/Winter Storm/Blizzard"
"Lake Effect Snow","Snow/Winter Storm/Blizzard"
"LAKE FLOOD","Floods"
"LAKE-EFFECT SNOW","Snow/Winter Storm/Blizzard"
"LAKESHORE FLOOD","Floods"
"LANDSLIDE","Miscellaneous"
"LANDSLIDE/URBAN FLOOD","Miscellaneous"
"LANDSLIDES","Miscellaneous"
"Landslump","Miscellaneous"
"LANDSLUMP","Miscellaneous"
"LANDSPOUT","Miscellaneous"
"LARGE WALL CLOUD","Miscellaneous"
"LATE FREEZE","Severe Cold"
"LATE SEASON HAIL","Severe Cold"
"LATE SEASON SNOW","Snow/Winter Storm/Blizzard"
"Late Season Snowfall","Snow/Winter Storm/Blizzard"
"LATE SNOW","Snow/Winter Storm/Blizzard"
"Late-season Snowfall","Snow/Winter Storm/Blizzard"
"LIGHT FREEZING RAIN","Severe Cold"
"LIGHT SNOW","Snow/Winter Storm/Blizzard"
"Light snow","Snow/Winter Storm/Blizzard"
"Light Snow","Snow/Winter Storm/Blizzard"
"LIGHT SNOW AND SLEET","Snow/Winter Storm/Blizzard"
"Light Snow/Flurries","Snow/Winter Storm/Blizzard"
"LIGHT SNOW/FREEZING PRECIP","Snow/Winter Storm/Blizzard"
"Light Snowfall","Snow/Winter Storm/Blizzard"
"LIGHTING","Lightning"
"LIGHTNING","Lightning"
"LIGHTNING  WAUSEON","Lightning"
"LIGHTNING AND HEAVY RAIN","Lightning"
"LIGHTNING AND THUNDERSTORM WIN","Lightning"
"LIGHTNING AND WINDS","Lightning"
"LIGHTNING DAMAGE","Lightning"
"LIGHTNING FIRE","Lightning"
"LIGHTNING INJURY","Lightning"
"LIGHTNING THUNDERSTORM WINDS","Lightning"
"LIGHTNING THUNDERSTORM WINDSS","Lightning"
"LIGHTNING.","Lightning"
"LIGHTNING/HEAVY RAIN","Lightning"
"LIGNTNING","Lightning"
"LOCAL FLASH FLOOD","Floods"
"LOCAL FLOOD","Floods"
"LOCALLY HEAVY RAIN","Heavy Rains"
"LOW TEMPERATURE","Severe Cold"
"LOW TEMPERATURE RECORD","Severe Cold"
"LOW WIND CHILL","Severe Cold"
"MAJOR FLOOD","Floods"
"Marine Accident","Miscellaneous"
"MARINE HAIL","Miscellaneous"
"MARINE HIGH WIND","High Winds"
"MARINE MISHAP","Miscellaneous"
"MARINE STRONG WIND","High Winds"
"MARINE THUNDERSTORM WIND","Thunderstorm"
"MARINE TSTM WIND","Thunderstorm"
"Metro Storm, May 26","Miscellaneous"
"MICROBURST","Miscellaneous"
"Microburst","Miscellaneous"
"MICROBURST WINDS","Miscellaneous"
"Mild and Dry Pattern","Miscellaneous"
"MILD PATTERN","Miscellaneous"
"MILD/DRY PATTERN","Miscellaneous"
"MINOR FLOOD","Floods"
"MINOR FLOODING","Floods"
"Minor Flooding","Floods"
"MIXED PRECIP","Heavy Rains"
"Mixed Precipitation","Heavy Rains"
"MIXED PRECIPITATION","Heavy Rains"
"MODERATE SNOW","Snow/Winter Storm/Blizzard"
"MODERATE SNOWFALL","Snow/Winter Storm/Blizzard"
"MONTHLY PRECIPITATION","Heavy Rains"
"Monthly Rainfall","Heavy Rains"
"MONTHLY RAINFALL","Heavy Rains"
"Monthly Snowfall","Snow/Winter Storm/Blizzard"
"MONTHLY SNOWFALL","Snow/Winter Storm/Blizzard"
"MONTHLY TEMPERATURE","Miscellaneous"
"Mountain Snows","Snow/Winter Storm/Blizzard"
"MUD SLIDE","Miscellaneous"
"MUD SLIDES","Miscellaneous"
"MUD SLIDES URBAN FLOODING","Miscellaneous"
"MUD/ROCK SLIDE","Miscellaneous"
"MUDSLIDE","Miscellaneous"
"Mudslide","Miscellaneous"
"MUDSLIDE/LANDSLIDE","Miscellaneous"
"MUDSLIDES","Miscellaneous"
"Mudslides","Miscellaneous"
"NEAR RECORD SNOW","Snow/Winter Storm/Blizzard"
"No Severe Weather","Miscellaneous"
"NON SEVERE HAIL","Miscellaneous"
"NON TSTM WIND","Miscellaneous"
"NONE","Miscellaneous"
"NON-SEVERE WIND DAMAGE","Miscellaneous"
"NON-TSTM WIND","Miscellaneous"
"NORMAL PRECIPITATION","Miscellaneous"
"NORTHERN LIGHTS","Miscellaneous"
"OTHER","Miscellaneous"
"Other","Miscellaneous"
"PATCHY DENSE FOG","Miscellaneous"
"PATCHY ICE","Severe Cold"
"PROLONG COLD","Severe Cold"
"Prolong Cold","Severe Cold"
"PROLONG COLD/SNOW","Severe Cold"
"PROLONG WARMTH","Severe Heat"
"PROLONGED RAIN","Heavy Rains"
"RAIN","Heavy Rains"
"RAIN (HEAVY)","Heavy Rains"
"RAIN AND WIND","Heavy Rains"
"Rain Damage","Heavy Rains"
"RAIN/SNOW","Heavy Rains"
"RAIN/WIND","Heavy Rains"
"RAINSTORM","Heavy Rains"
"RAPIDLY RISING WATER","Floods"
"RECORD  COLD","Severe Cold"
"RECORD COLD","Severe Cold"
"Record Cold","Severe Cold"
"RECORD COLD AND HIGH WIND","Severe Cold"
"RECORD COLD/FROST","Severe Cold"
"RECORD COOL","Severe Cold"
"Record dry month","Miscellaneous"
"RECORD DRYNESS","Miscellaneous"
"RECORD HEAT","Severe Heat"
"Record Heat","Severe Heat"
"RECORD HEAT WAVE","Severe Heat"
"RECORD HIGH","Severe Heat"
"Record High","Severe Heat"
"RECORD HIGH TEMPERATURE","Severe Heat"
"RECORD HIGH TEMPERATURES","Severe Heat"
"RECORD LOW","Severe Cold"
"RECORD LOW RAINFALL","Severe Heat"
"Record May Snow","Snow/Winter Storm/Blizzard"
"RECORD PRECIPITATION","Heavy Rains"
"RECORD RAINFALL","Heavy Rains"
"RECORD SNOW","Snow/Winter Storm/Blizzard"
"RECORD SNOW/COLD","Snow/Winter Storm/Blizzard"
"RECORD SNOWFALL","Snow/Winter Storm/Blizzard"
"Record temperature","Miscellaneous"
"RECORD TEMPERATURE","Miscellaneous"
"RECORD TEMPERATURES","Miscellaneous"
"Record Temperatures","Miscellaneous"
"RECORD WARM","Severe Heat"
"RECORD WARM TEMPS.","Severe Heat"
"RECORD WARMTH","Severe Heat"
"Record Warmth","Severe Heat"
"Record Winter Snow","Snow/Winter Storm/Blizzard"
"RECORD/EXCESSIVE HEAT","Severe Heat"
"RECORD/EXCESSIVE RAINFALL","Heavy Rains"
"RED FLAG CRITERIA","Miscellaneous"
"RED FLAG FIRE WX","Miscellaneous"
"REMNANTS OF FLOYD","Hurricanes"
"RIP CURRENT","High Seas/Extreme Tides/Surf"
"RIP CURRENTS","High Seas/Extreme Tides/Surf"
"RIP CURRENTS HEAVY SURF","High Seas/Extreme Tides/Surf"
"RIP CURRENTS/HEAVY SURF","High Seas/Extreme Tides/Surf"
"RIVER AND STREAM FLOOD","Floods"
"RIVER FLOOD","Floods"
"RIVER FLOODING","Floods"
"River Flooding","Miscellaneous"
"ROCK SLIDE","Miscellaneous"
"ROGUE WAVE","High Seas/Extreme Tides/Surf"
"ROTATING WALL CLOUD","Miscellaneous"
"ROUGH SEAS","High Seas/Extreme Tides/Surf"
"ROUGH SURF","High Seas/Extreme Tides/Surf"
"RURAL FLOOD","Miscellaneous"
"SAHARAN DUST","Miscellaneous"
"Saharan Dust","Miscellaneous"
"Seasonal Snowfall","Snow/Winter Storm/Blizzard"
"SEICHE","Miscellaneous"
"SEVERE COLD","Severe Cold"
"SEVERE THUNDERSTORM","Thunderstorm"
"SEVERE THUNDERSTORM WINDS","Thunderstorm"
"SEVERE THUNDERSTORMS","Thunderstorm"
"SEVERE TURBULENCE","Miscellaneous"
"SLEET","Severe Cold"
"SLEET & FREEZING RAIN","Severe Cold"
"SLEET STORM","Severe Cold"
"SLEET/FREEZING RAIN","Severe Cold"
"SLEET/ICE STORM","Severe Cold"
"SLEET/RAIN/SNOW","Severe Cold"
"SLEET/SNOW","Severe Cold"
"SMALL HAIL","Severe Cold"
"small hail","Severe Cold"
"Small Hail","Severe Cold"
"SMALL STREAM","Floods"
"SMALL STREAM AND","Floods"
"SMALL STREAM AND URBAN FLOOD","Floods"
"SMALL STREAM AND URBAN FLOODIN","Floods"
"SMALL STREAM FLOOD","Floods"
"SMALL STREAM FLOODING","Floods"
"SMALL STREAM URBAN FLOOD","Floods"
"SMALL STREAM/URBAN FLOOD","Floods"
"Sml Stream Fld","Floods"
"SMOKE","Miscellaneous"
"SNOW","Snow/Winter Storm/Blizzard"
"Snow","Snow/Winter Storm/Blizzard"
"SNOW ACCUMULATION","Snow/Winter Storm/Blizzard"
"Snow Accumulation","Snow/Winter Storm/Blizzard"
"SNOW ADVISORY","Snow/Winter Storm/Blizzard"
"SNOW AND COLD","Snow/Winter Storm/Blizzard"
"SNOW AND HEAVY SNOW","Snow/Winter Storm/Blizzard"
"SNOW AND ICE","Snow/Winter Storm/Blizzard"
"Snow and Ice","Snow/Winter Storm/Blizzard"
"SNOW AND ICE STORM","Snow/Winter Storm/Blizzard"
"Snow and sleet","Snow/Winter Storm/Blizzard"
"SNOW AND SLEET","Snow/Winter Storm/Blizzard"
"SNOW AND WIND","Snow/Winter Storm/Blizzard"
"SNOW DROUGHT","Snow/Winter Storm/Blizzard"
"SNOW FREEZING RAIN","Snow/Winter Storm/Blizzard"
"SNOW- HIGH WIND- WIND CHILL","Snow/Winter Storm/Blizzard"
"SNOW SHOWERS","Snow/Winter Storm/Blizzard"
"SNOW SLEET","Snow/Winter Storm/Blizzard"
"SNOW SQUALL","Snow/Winter Storm/Blizzard"
"SNOW SQUALLS","Snow/Winter Storm/Blizzard"
"Snow Squalls","Snow/Winter Storm/Blizzard"
"Snow squalls","Snow/Winter Storm/Blizzard"
"SNOW/ BITTER COLD","Snow/Winter Storm/Blizzard"
"SNOW/ ICE","Snow/Winter Storm/Blizzard"
"SNOW/BLOWING SNOW","Snow/Winter Storm/Blizzard"
"SNOW/COLD","Snow/Winter Storm/Blizzard"
"SNOW/FREEZING RAIN","Snow/Winter Storm/Blizzard"
"SNOW/HEAVY SNOW","Snow/Winter Storm/Blizzard"
"SNOW/HIGH WINDS","Snow/Winter Storm/Blizzard"
"SNOW/ICE","Snow/Winter Storm/Blizzard"
"SNOW/ICE STORM","Snow/Winter Storm/Blizzard"
"SNOW/RAIN","Snow/Winter Storm/Blizzard"
"SNOW/RAIN/SLEET","Snow/Winter Storm/Blizzard"
"SNOW/SLEET","Snow/Winter Storm/Blizzard"
"SNOW/SLEET/FREEZING RAIN","Snow/Winter Storm/Blizzard"
"SNOW/SLEET/RAIN","Snow/Winter Storm/Blizzard"
"SNOW\COLD","Snow/Winter Storm/Blizzard"
"SNOWFALL RECORD","Snow/Winter Storm/Blizzard"
"SNOWMELT FLOODING","Floods"
"SNOWSTORM","Snow/Winter Storm/Blizzard"
"SOUTHEAST","Miscellaneous"
"STORM FORCE WINDS","High Winds"
"STORM SURGE","High Seas/Extreme Tides/Surf"
"STORM SURGE/TIDE","High Seas/Extreme Tides/Surf"
"STREAM FLOODING","Floods"
"STREET FLOOD","Floods"
"STREET FLOODING","Floods"
"STRONG WIND","High Winds"
"Strong Wind","High Winds"
"STRONG WIND GUST","High Winds"
"STRONG WINDS","High Winds"
"Strong Winds","High Winds"
"Strong winds","High Winds"
"Temperature record","Miscellaneous"
"THUDERSTORM WINDS","Thunderstorm"
"THUNDEERSTORM WINDS","Thunderstorm"
"THUNDERESTORM WINDS","Thunderstorm"
"THUNDERSNOW","Thunderstorm"
"Thundersnow shower","Thunderstorm"
"THUNDERSTORM","Thunderstorm"
"THUNDERSTORM  WINDS","Thunderstorm"
"THUNDERSTORM DAMAGE","Thunderstorm"
"THUNDERSTORM DAMAGE TO","Thunderstorm"
"THUNDERSTORM HAIL","Thunderstorm"
"THUNDERSTORM W INDS","Thunderstorm"
"THUNDERSTORM WIND","Thunderstorm"
"Thunderstorm Wind","Thunderstorm"
"THUNDERSTORM WIND (G40)","Thunderstorm"
"THUNDERSTORM WIND 50","Thunderstorm"
"THUNDERSTORM WIND 52","Thunderstorm"
"THUNDERSTORM WIND 56","Thunderstorm"
"THUNDERSTORM WIND 59","Thunderstorm"
"THUNDERSTORM WIND 59 MPH","Thunderstorm"
"THUNDERSTORM WIND 59 MPH.","Thunderstorm"
"THUNDERSTORM WIND 60 MPH","Thunderstorm"
"THUNDERSTORM WIND 65 MPH","Thunderstorm"
"THUNDERSTORM WIND 65MPH","Thunderstorm"
"THUNDERSTORM WIND 69","Thunderstorm"
"THUNDERSTORM WIND 98 MPH","Thunderstorm"
"THUNDERSTORM WIND G50","Thunderstorm"
"THUNDERSTORM WIND G51","Thunderstorm"
"THUNDERSTORM WIND G52","Thunderstorm"
"THUNDERSTORM WIND G55","Thunderstorm"
"THUNDERSTORM WIND G60","Thunderstorm"
"THUNDERSTORM WIND G61","Thunderstorm"
"THUNDERSTORM WIND TREES","Thunderstorm"
"THUNDERSTORM WIND.","Thunderstorm"
"THUNDERSTORM WIND/ TREE","Thunderstorm"
"THUNDERSTORM WIND/ TREES","Thunderstorm"
"THUNDERSTORM WIND/AWNING","Thunderstorm"
"THUNDERSTORM WIND/HAIL","Thunderstorm"
"THUNDERSTORM WIND/LIGHTNING","Thunderstorm"
"THUNDERSTORM WINDS","Thunderstorm"
"THUNDERSTORM WINDS      LE CEN","Thunderstorm"
"THUNDERSTORM WINDS 13","Thunderstorm"
"THUNDERSTORM WINDS 2","Thunderstorm"
"THUNDERSTORM WINDS 50","Thunderstorm"
"THUNDERSTORM WINDS 52","Thunderstorm"
"THUNDERSTORM WINDS 53","Thunderstorm"
"THUNDERSTORM WINDS 60","Thunderstorm"
"THUNDERSTORM WINDS 61","Thunderstorm"
"THUNDERSTORM WINDS 62","Thunderstorm"
"THUNDERSTORM WINDS 63 MPH","Thunderstorm"
"THUNDERSTORM WINDS AND","Thunderstorm"
"THUNDERSTORM WINDS FUNNEL CLOU","Thunderstorm"
"THUNDERSTORM WINDS G","Thunderstorm"
"THUNDERSTORM WINDS G60","Thunderstorm"
"THUNDERSTORM WINDS HAIL","Thunderstorm"
"THUNDERSTORM WINDS HEAVY RAIN","Thunderstorm"
"THUNDERSTORM WINDS LIGHTNING","Thunderstorm"
"THUNDERSTORM WINDS SMALL STREA","Thunderstorm"
"THUNDERSTORM WINDS URBAN FLOOD","Thunderstorm"
"THUNDERSTORM WINDS.","Thunderstorm"
"THUNDERSTORM WINDS/ FLOOD","Thunderstorm"
"THUNDERSTORM WINDS/ HAIL","Thunderstorm"
"THUNDERSTORM WINDS/FLASH FLOOD","Thunderstorm"
"THUNDERSTORM WINDS/FLOODING","Thunderstorm"
"THUNDERSTORM WINDS/FUNNEL CLOU","Thunderstorm"
"THUNDERSTORM WINDS/HAIL","Thunderstorm"
"THUNDERSTORM WINDS/HEAVY RAIN","Thunderstorm"
"THUNDERSTORM WINDS53","Thunderstorm"
"THUNDERSTORM WINDSHAIL","Thunderstorm"
"THUNDERSTORM WINDSS","Thunderstorm"
"THUNDERSTORM WINS","Thunderstorm"
"THUNDERSTORMS","Thunderstorm"
"THUNDERSTORMS WIND","Thunderstorm"
"THUNDERSTORMS WINDS","Thunderstorm"
"THUNDERSTORMW","Thunderstorm"
"THUNDERSTORMW 50","Thunderstorm"
"THUNDERSTORMW WINDS","Thunderstorm"
"THUNDERSTORMWINDS","Thunderstorm"
"THUNDERSTROM WIND","Thunderstorm"
"THUNDERSTROM WINDS","Thunderstorm"
"THUNDERTORM WINDS","Thunderstorm"
"THUNDERTSORM WIND","Thunderstorm"
"THUNDESTORM WINDS","Thunderstorm"
"THUNERSTORM WINDS","Thunderstorm"
"TIDAL FLOOD","Floods"
"Tidal Flooding","Floods"
"TIDAL FLOODING","Floods"
"TORNADO","Tornadoes/Waterspouts"
"TORNADO DEBRIS","Tornadoes/Waterspouts"
"TORNADO F0","Tornadoes/Waterspouts"
"TORNADO F1","Tornadoes/Waterspouts"
"TORNADO F2","Tornadoes/Waterspouts"
"TORNADO F3","Tornadoes/Waterspouts"
"TORNADO/WATERSPOUT","Tornadoes/Waterspouts"
"TORNADOES","Tornadoes/Waterspouts"
"TORNADOES, TSTM WIND, HAIL","Tornadoes/Waterspouts"
"TORNADOS","Tornadoes/Waterspouts"
"TORNDAO","Tornadoes/Waterspouts"
"TORRENTIAL RAIN","Heavy Rains"
"Torrential Rainfall","Heavy Rains"
"TROPICAL DEPRESSION","Miscellaneous"
"TROPICAL STORM","Thunderstorm"
"TROPICAL STORM ALBERTO","Thunderstorm"
"TROPICAL STORM DEAN","Thunderstorm"
"TROPICAL STORM GORDON","Thunderstorm"
"TROPICAL STORM JERRY","Thunderstorm"
"TSTM","Thunderstorm"
"TSTM HEAVY RAIN","Thunderstorm"
"TSTM WIND","Thunderstorm"
"Tstm Wind","Thunderstorm"
"TSTM WIND  (G45)","Thunderstorm"
"TSTM WIND (41)","Thunderstorm"
"TSTM WIND (G35)","Thunderstorm"
"TSTM WIND (G40)","Thunderstorm"
"TSTM WIND (G45)","Thunderstorm"
"TSTM WIND 40","Thunderstorm"
"TSTM WIND 45","Thunderstorm"
"TSTM WIND 50","Thunderstorm"
"TSTM WIND 51","Thunderstorm"
"TSTM WIND 52","Thunderstorm"
"TSTM WIND 55","Thunderstorm"
"TSTM WIND 65)","Thunderstorm"
"TSTM WIND AND LIGHTNING","Thunderstorm"
"TSTM WIND DAMAGE","Thunderstorm"
"TSTM WIND G45","Thunderstorm"
"TSTM WIND G58","Thunderstorm"
"TSTM WIND/HAIL","Thunderstorm"
"TSTM WINDS","Thunderstorm"
"TSTM WND","Thunderstorm"
"TSTMW","Thunderstorm"
"TSUNAMI","Miscellaneous"
"TUNDERSTORM WIND","Thunderstorm"
"TYPHOON","Hurricanes"
"Unseasonable Cold","Severe Cold"
"UNSEASONABLY COLD","Severe Cold"
"UNSEASONABLY COOL","Severe Cold"
"UNSEASONABLY COOL & WET","Severe Cold"
"UNSEASONABLY DRY","Severe Heat"
"UNSEASONABLY HOT","Severe Heat"
"UNSEASONABLY WARM","Severe Heat"
"UNSEASONABLY WARM & WET","Severe Heat"
"UNSEASONABLY WARM AND DRY","Severe Heat"
"UNSEASONABLY WARM YEAR","Severe Heat"
"UNSEASONABLY WARM/WET","Severe Heat"
"UNSEASONABLY WET","Miscellaneous"
"UNSEASONAL LOW TEMP","Severe Cold"
"UNSEASONAL RAIN","Miscellaneous"
"UNUSUAL WARMTH","Severe Heat"
"UNUSUAL/RECORD WARMTH","Severe Heat"
"UNUSUALLY COLD","Severe Cold"
"UNUSUALLY LATE SNOW","Miscellaneous"
"UNUSUALLY WARM","Severe Heat"
"URBAN AND SMALL","Floods"
"URBAN AND SMALL STREAM","Floods"
"URBAN AND SMALL STREAM FLOOD","Floods"
"URBAN AND SMALL STREAM FLOODIN","Floods"
"URBAN FLOOD","Floods"
"Urban flood","Floods"
"Urban Flood","Floods"
"URBAN FLOOD LANDSLIDE","Floods"
"URBAN FLOODING","Floods"
"Urban Flooding","Floods"
"URBAN FLOODS","Floods"
"URBAN SMALL","Floods"
"URBAN SMALL STREAM FLOOD","Floods"
"URBAN/SMALL","Floods"
"URBAN/SMALL FLOODING","Floods"
"URBAN/SMALL STREAM","Floods"
"URBAN/SMALL STREAM  FLOOD","Floods"
"URBAN/SMALL STREAM FLOOD","Floods"
"URBAN/SMALL STREAM FLOODING","Floods"
"URBAN/SMALL STRM FLDG","Floods"
"URBAN/SML STREAM FLD","Floods"
"URBAN/SML STREAM FLDG","Floods"
"URBAN/STREET FLOODING","Floods"
"VERY DRY","Severe Heat"
"VERY WARM","Severe Heat"
"VOG","Miscellaneous"
"Volcanic Ash","Miscellaneous"
"VOLCANIC ASH","Miscellaneous"
"Volcanic Ash Plume","Miscellaneous"
"VOLCANIC ASHFALL","Miscellaneous"
"VOLCANIC ERUPTION","Miscellaneous"
"WAKE LOW WIND","Miscellaneous"
"WALL CLOUD","Miscellaneous"
"WALL CLOUD/FUNNEL CLOUD","Miscellaneous"
"WARM DRY CONDITIONS","Miscellaneous"
"WARM WEATHER","Miscellaneous"
"WATER SPOUT","Tornadoes/Waterspouts"
"WATERSPOUT","Tornadoes/Waterspouts"
"WATERSPOUT-","Tornadoes/Waterspouts"
"WATERSPOUT FUNNEL CLOUD","Tornadoes/Waterspouts"
"WATERSPOUT TORNADO","Tornadoes/Waterspouts"
"WATERSPOUT/","Tornadoes/Waterspouts"
"WATERSPOUT/ TORNADO","Tornadoes/Waterspouts"
"WATERSPOUT/TORNADO","Tornadoes/Waterspouts"
"WATERSPOUTS","Tornadoes/Waterspouts"
"WATERSPOUT-TORNADO","Tornadoes/Waterspouts"
"WAYTERSPOUT","Tornadoes/Waterspouts"
"wet micoburst","Heavy Rains"
"WET MICROBURST","Heavy Rains"
"Wet Month","Heavy Rains"
"WET SNOW","Heavy Rains"
"WET WEATHER","Heavy Rains"
"Wet Year","Heavy Rains"
"Whirlwind","High Winds"
"WHIRLWIND","High Winds"
"WILD FIRES","Wildfires"
"WILD/FOREST FIRE","Wildfires"
"WILD/FOREST FIRES","Wildfires"
"WILDFIRE","Wildfires"
"WILDFIRES","Wildfires"
"WIND","High Winds"
"Wind","High Winds"
"WIND ADVISORY","High Winds"
"WIND AND WAVE","High Winds"
"WIND CHILL","High Winds"
"WIND CHILL/HIGH WIND","High Winds"
"WIND DAMAGE","High Winds"
"Wind Damage","High Winds"
"WIND GUSTS","High Winds"
"WIND STORM","High Winds"
"WIND/HAIL","High Winds"
"WINDS","High Winds"
"WINTER MIX","Snow/Winter Storm/Blizzard"
"WINTER STORM","Snow/Winter Storm/Blizzard"
"WINTER STORM HIGH WINDS","Snow/Winter Storm/Blizzard"
"WINTER STORM/HIGH WIND","Snow/Winter Storm/Blizzard"
"WINTER STORM/HIGH WINDS","Snow/Winter Storm/Blizzard"
"WINTER STORMS","Snow/Winter Storm/Blizzard"
"WINTER WEATHER","Snow/Winter Storm/Blizzard"
"Winter Weather","Snow/Winter Storm/Blizzard"
"WINTER WEATHER MIX","Snow/Winter Storm/Blizzard"
"WINTER WEATHER/MIX","Snow/Winter Storm/Blizzard"
"WINTERY MIX","Snow/Winter Storm/Blizzard"
"WINTRY MIX","Snow/Winter Storm/Blizzard"
"Wintry Mix","Snow/Winter Storm/Blizzard"
"Wintry mix","Snow/Winter Storm/Blizzard"
"WND","High Winds"
